<?xml version='1.0' encoding='utf-8'?>
<!DOCTYPE hibernate-configuration
        PUBLIC "-//Hibernate/Hibernate Configuration DTD//EN"
        "http://www.hibernate.org/dtd/hibernate-configuration-3.0.dtd">

<hibernate-configuration>
    <session-factory>
        <property name="hibernate.dialect">
            org.hibernate.dialect.MySQL5Dialect
        </property>
        <property name="hibernate.connection.driver_class">
            com.mysql.jdbc.Driver
        </property>
        <!-- Connection Settings -->
        <property name="hibernate.connection.url">
            jdbc:mysql://localhost:3306/school
        </property>
        <property name="hibernate.connection.username">
            root
        </property>
        <property name="hibernate.connection.password">
            1234
        </property>
        <property name="hbm2ddl.auto">
            create
        </property>
        <!-- List of XML mapping files -->
        <mapping resource="student.hbm.xml"/>
    </session-factory>
</hibernate-configuration>
