<?xml version="1.0" encoding="UTF-8"?><races>

    <race>
        <laps>4</laps>
        <district-name>Jackson</district-name>
        <entries>
            <entry id="178"/>
            <entry id="153"/>
            <entry id="244"/>
        </entries>
    </race>

    <race>
        <laps>4</laps>
        <district-name>Buell</district-name>
        <entries>
            <entry id="180"/>
            <entry id="290"/>
            <entry id="58"/>
        </entries>
    </race>

    <race>
        <laps>6</laps>
        <district-name>Trailsway</district-name>
        <entries>
            <entry id="36"/>
            <entry id="141"/>
            <entry id="20"/>
            <entry id="189"/>
            <entry id="223"/>
            <entry id="112"/>
            <entry id="61"/>
        </entries>
    </race>

    <race>
        <laps>2</laps>
        <district-name>Holmberg</district-name>
        <entries>
            <entry id="157"/>
            <entry id="173"/>
        </entries>
    </race>

    <race>
        <laps>3</laps>
        <district-name>Towne</district-name>
        <entries>
            <entry id="269"/>
            <entry id="31"/>
            <entry id="99"/>
            <entry id="20"/>
        </entries>
    </race>

    <race>
        <laps>6</laps>
        <district-name>Manitowish</district-name>
        <entries>
            <entry id="105"/>
            <entry id="257"/>
            <entry id="295"/>
            <entry id="85"/>
            <entry id="185"/>
            <entry id="222"/>
            <entry id="133"/>
        </entries>
    </race>

    <race>
        <laps>4</laps>
        <district-name>Jackson</district-name>
        <entries>
            <entry id="117"/>
            <entry id="187"/>
            <entry id="257"/>
            <entry id="289"/>
            <entry id="50"/>
            <entry id="61"/>
            <entry id="82"/>
            <entry id="127"/>
        </entries>
    </race>

    <race>
        <laps>10</laps>
        <district-name>Harper</district-name>
        <entries>
            <entry id="266"/>
            <entry id="193"/>
            <entry id="99"/>
        </entries>
    </race>

    <race>
        <laps>10</laps>
        <district-name>Fairfield</district-name>
        <entries>
            <entry id="130"/>
            <entry id="184"/>
            <entry id="101"/>
        </entries>
    </race>

    <race>
        <laps>9</laps>
        <district-name>Sundown</district-name>
        <entries>
            <entry id="122"/>
        </entries>
    </race>

    <race>
        <laps>1</laps>
        <district-name>Knutson</district-name>
        <entries>
            <entry id="7"/>
        </entries>
    </race>

    <race>
        <laps>7</laps>
        <district-name>Vera</district-name>
        <entries>
            <entry id="23"/>
            <entry id="179"/>
        </entries>
    </race>

    <race>
        <laps>7</laps>
        <district-name>Bowman</district-name>
        <entries>
            <entry id="111"/>
            <entry id="212"/>
            <entry id="207"/>
        </entries>
    </race>

    <race>
        <laps>9</laps>
        <district-name>Mccormick</district-name>
        <entries>
            <entry id="229"/>
            <entry id="12"/>
            <entry id="72"/>
            <entry id="92"/>
            <entry id="223"/>
            <entry id="91"/>
            <entry id="171"/>
        </entries>
    </race>

    <race>
        <laps>4</laps>
        <district-name>Ramsey</district-name>
        <entries>
            <entry id="208"/>
            <entry id="228"/>
            <entry id="80"/>
            <entry id="88"/>
            <entry id="163"/>
        </entries>
    </race>

    <race>
        <laps>9</laps>
        <district-name>Carioca</district-name>
        <entries>
            <entry id="128"/>
            <entry id="45"/>
            <entry id="250"/>
        </entries>
    </race>

    <race>
        <laps>4</laps>
        <district-name>Jenna</district-name>
        <entries>
            <entry id="276"/>
            <entry id="64"/>
            <entry id="185"/>
            <entry id="242"/>
        </entries>
    </race>

    <race>
        <laps>10</laps>
        <district-name>Esch</district-name>
        <entries>
            <entry id="141"/>
            <entry id="264"/>
            <entry id="162"/>
            <entry id="57"/>
            <entry id="141"/>
            <entry id="19"/>
            <entry id="138"/>
            <entry id="237"/>
        </entries>
    </race>

    <race>
        <laps>10</laps>
        <district-name>Maple</district-name>
        <entries>
            <entry id="33"/>
            <entry id="230"/>
            <entry id="65"/>
            <entry id="247"/>
            <entry id="248"/>
            <entry id="101"/>
            <entry id="108"/>
        </entries>
    </race>

    <race>
        <laps>1</laps>
        <district-name>Grasskamp</district-name>
        <entries>
            <entry id="108"/>
            <entry id="216"/>
        </entries>
    </race>

    <race>
        <laps>9</laps>
        <district-name>Grasskamp</district-name>
        <entries>
            <entry id="42"/>
        </entries>
    </race>

    <race>
        <laps>10</laps>
        <district-name>Bowman</district-name>
        <entries>
            <entry id="269"/>
            <entry id="50"/>
            <entry id="159"/>
            <entry id="104"/>
            <entry id="126"/>
            <entry id="289"/>
            <entry id="143"/>
            <entry id="185"/>
        </entries>
    </race>

    <race>
        <laps>10</laps>
        <district-name>Carioca</district-name>
        <entries>
            <entry id="12"/>
            <entry id="15"/>
            <entry id="28"/>
            <entry id="11"/>
        </entries>
    </race>

    <race>
        <laps>9</laps>
        <district-name>Anderson</district-name>
        <entries>
            <entry id="97"/>
            <entry id="4"/>
            <entry id="48"/>
            <entry id="68"/>
            <entry id="185"/>
            <entry id="103"/>
            <entry id="158"/>
            <entry id="249"/>
        </entries>
    </race>

    <race>
        <laps>3</laps>
        <district-name>Ronald Regan</district-name>
        <entries>
            <entry id="35"/>
            <entry id="229"/>
            <entry id="88"/>
            <entry id="37"/>
        </entries>
    </race>

    <race>
        <laps>10</laps>
        <district-name>Transport</district-name>
        <entries>
            <entry id="167"/>
            <entry id="18"/>
            <entry id="65"/>
        </entries>
    </race>

    <race>
        <laps>9</laps>
        <district-name>Columbus</district-name>
        <entries>
            <entry id="160"/>
            <entry id="245"/>
        </entries>
    </race>

    <race>
        <laps>10</laps>
        <district-name>Trailsway</district-name>
        <entries>
            <entry id="116"/>
            <entry id="215"/>
            <entry id="145"/>
            <entry id="51"/>
            <entry id="141"/>
            <entry id="32"/>
            <entry id="214"/>
            <entry id="232"/>
        </entries>
    </race>

    <race>
        <laps>8</laps>
        <district-name>Nevada</district-name>
        <entries>
            <entry id="189"/>
            <entry id="133"/>
            <entry id="283"/>
            <entry id="60"/>
            <entry id="127"/>
            <entry id="286"/>
            <entry id="90"/>
        </entries>
    </race>

    <race>
        <laps>2</laps>
        <district-name>Corscot</district-name>
        <entries>
            <entry id="162"/>
            <entry id="129"/>
            <entry id="189"/>
            <entry id="102"/>
            <entry id="295"/>
        </entries>
    </race>

    <race>
        <laps>7</laps>
        <district-name>Birchwood</district-name>
        <entries>
            <entry id="227"/>
            <entry id="14"/>
            <entry id="260"/>
            <entry id="277"/>
            <entry id="82"/>
            <entry id="269"/>
            <entry id="39"/>
            <entry id="99"/>
        </entries>
    </race>

    <race>
        <laps>7</laps>
        <district-name>Summerview</district-name>
        <entries>
            <entry id="293"/>
            <entry id="8"/>
            <entry id="95"/>
            <entry id="257"/>
            <entry id="211"/>
        </entries>
    </race>

    <race>
        <laps>1</laps>
        <district-name>Rigney</district-name>
        <entries>
            <entry id="157"/>
        </entries>
    </race>

    <race>
        <laps>2</laps>
        <district-name>Jenna</district-name>
        <entries>
            <entry id="108"/>
            <entry id="192"/>
        </entries>
    </race>

    <race>
        <laps>1</laps>
        <district-name>Rieder</district-name>
        <entries>
            <entry id="98"/>
            <entry id="76"/>
        </entries>
    </race>

    <race>
        <laps>9</laps>
        <district-name>Nevada</district-name>
        <entries>
            <entry id="212"/>
            <entry id="189"/>
        </entries>
    </race>

    <race>
        <laps>6</laps>
        <district-name>Ronald Regan</district-name>
        <entries>
            <entry id="200"/>
            <entry id="200"/>
            <entry id="240"/>
            <entry id="167"/>
        </entries>
    </race>

    <race>
        <laps>1</laps>
        <district-name>Hintze</district-name>
        <entries>
            <entry id="286"/>
            <entry id="47"/>
            <entry id="292"/>
            <entry id="7"/>
            <entry id="299"/>
            <entry id="147"/>
        </entries>
    </race>

    <race>
        <laps>9</laps>
        <district-name>Buell</district-name>
        <entries>
            <entry id="114"/>
            <entry id="285"/>
            <entry id="124"/>
            <entry id="257"/>
        </entries>
    </race>

    <race>
        <laps>4</laps>
        <district-name>Buena Vista</district-name>
        <entries>
            <entry id="189"/>
            <entry id="155"/>
            <entry id="80"/>
            <entry id="168"/>
            <entry id="248"/>
            <entry id="118"/>
            <entry id="23"/>
        </entries>
    </race>

    <race>
        <laps>8</laps>
        <district-name>Columbus</district-name>
        <entries>
            <entry id="154"/>
            <entry id="154"/>
            <entry id="168"/>
            <entry id="181"/>
        </entries>
    </race>

    <race>
        <laps>2</laps>
        <district-name>Carberry</district-name>
        <entries>
            <entry id="222"/>
            <entry id="295"/>
            <entry id="16"/>
            <entry id="29"/>
            <entry id="234"/>
        </entries>
    </race>

    <race>
        <laps>1</laps>
        <district-name>North</district-name>
        <entries>
            <entry id="239"/>
            <entry id="6"/>
            <entry id="111"/>
            <entry id="189"/>
            <entry id="291"/>
            <entry id="177"/>
            <entry id="241"/>
            <entry id="286"/>
        </entries>
    </race>

    <race>
        <laps>1</laps>
        <district-name>Buena Vista</district-name>
        <entries>
            <entry id="44"/>
            <entry id="286"/>
            <entry id="264"/>
            <entry id="57"/>
            <entry id="268"/>
            <entry id="289"/>
        </entries>
    </race>

    <race>
        <laps>6</laps>
        <district-name>Hintze</district-name>
        <entries>
            <entry id="21"/>
        </entries>
    </race>

    <race>
        <laps>8</laps>
        <district-name>Birchwood</district-name>
        <entries>
            <entry id="233"/>
            <entry id="177"/>
            <entry id="102"/>
            <entry id="84"/>
            <entry id="68"/>
            <entry id="151"/>
            <entry id="288"/>
            <entry id="209"/>
        </entries>
    </race>

    <race>
        <laps>4</laps>
        <district-name>Melody</district-name>
        <entries>
            <entry id="71"/>
            <entry id="144"/>
            <entry id="64"/>
            <entry id="50"/>
            <entry id="224"/>
        </entries>
    </race>

    <race>
        <laps>6</laps>
        <district-name>Mccormick</district-name>
        <entries>
            <entry id="217"/>
            <entry id="49"/>
            <entry id="32"/>
            <entry id="293"/>
            <entry id="243"/>
            <entry id="110"/>
            <entry id="210"/>
            <entry id="26"/>
        </entries>
    </race>

    <race>
        <laps>8</laps>
        <district-name>Vera</district-name>
        <entries>
            <entry id="14"/>
            <entry id="217"/>
            <entry id="116"/>
            <entry id="218"/>
        </entries>
    </race>

    <race>
        <laps>6</laps>
        <district-name>Brickson Park</district-name>
        <entries>
            <entry id="238"/>
            <entry id="65"/>
            <entry id="266"/>
            <entry id="128"/>
            <entry id="49"/>
            <entry id="235"/>
            <entry id="27"/>
        </entries>
    </race>

    <race>
        <laps>4</laps>
        <district-name>Sunfield</district-name>
        <entries>
            <entry id="296"/>
        </entries>
    </race>

    <race>
        <laps>1</laps>
        <district-name>Rigney</district-name>
        <entries>
            <entry id="295"/>
            <entry id="162"/>
            <entry id="3"/>
            <entry id="112"/>
            <entry id="167"/>
        </entries>
    </race>

    <race>
        <laps>4</laps>
        <district-name>Redwing</district-name>
        <entries>
            <entry id="173"/>
            <entry id="220"/>
            <entry id="116"/>
            <entry id="283"/>
        </entries>
    </race>

    <race>
        <laps>3</laps>
        <district-name>Manitowish</district-name>
        <entries>
            <entry id="126"/>
            <entry id="9"/>
            <entry id="267"/>
            <entry id="42"/>
            <entry id="179"/>
        </entries>
    </race>

    <race>
        <laps>1</laps>
        <district-name>Holmberg</district-name>
        <entries>
            <entry id="249"/>
            <entry id="153"/>
            <entry id="228"/>
            <entry id="208"/>
        </entries>
    </race>

    <race>
        <laps>8</laps>
        <district-name>Towne</district-name>
        <entries>
            <entry id="240"/>
            <entry id="66"/>
            <entry id="207"/>
            <entry id="281"/>
            <entry id="39"/>
        </entries>
    </race>

    <race>
        <laps>6</laps>
        <district-name>Rigney</district-name>
        <entries>
            <entry id="271"/>
            <entry id="279"/>
            <entry id="201"/>
            <entry id="28"/>
        </entries>
    </race>

    <race>
        <laps>4</laps>
        <district-name>Jana</district-name>
        <entries>
            <entry id="88"/>
            <entry id="118"/>
            <entry id="41"/>
            <entry id="290"/>
        </entries>
    </race>

    <race>
        <laps>6</laps>
        <district-name>Hintze</district-name>
        <entries>
            <entry id="123"/>
            <entry id="163"/>
            <entry id="194"/>
            <entry id="137"/>
            <entry id="240"/>
            <entry id="92"/>
        </entries>
    </race>

    <race>
        <laps>9</laps>
        <district-name>Ramsey</district-name>
        <entries>
            <entry id="124"/>
            <entry id="192"/>
            <entry id="78"/>
            <entry id="16"/>
            <entry id="113"/>
        </entries>
    </race>

    <race>
        <laps>3</laps>
        <district-name>Maple Wood</district-name>
        <entries>
            <entry id="290"/>
            <entry id="161"/>
            <entry id="5"/>
            <entry id="259"/>
            <entry id="89"/>
            <entry id="79"/>
            <entry id="61"/>
            <entry id="153"/>
        </entries>
    </race>

    <race>
        <laps>10</laps>
        <district-name>Ridgeway</district-name>
        <entries>
            <entry id="253"/>
            <entry id="271"/>
            <entry id="218"/>
            <entry id="280"/>
            <entry id="230"/>
        </entries>
    </race>

    <race>
        <laps>5</laps>
        <district-name>Jackson</district-name>
        <entries>
            <entry id="211"/>
        </entries>
    </race>

    <race>
        <laps>5</laps>
        <district-name>Trailsway</district-name>
        <entries>
            <entry id="171"/>
            <entry id="125"/>
            <entry id="159"/>
        </entries>
    </race>

    <race>
        <laps>8</laps>
        <district-name>Harper</district-name>
        <entries>
            <entry id="33"/>
            <entry id="252"/>
            <entry id="149"/>
            <entry id="79"/>
            <entry id="50"/>
            <entry id="67"/>
            <entry id="48"/>
            <entry id="33"/>
        </entries>
    </race>

    <race>
        <laps>2</laps>
        <district-name>Transport</district-name>
        <entries>
            <entry id="225"/>
            <entry id="285"/>
            <entry id="133"/>
        </entries>
    </race>

    <race>
        <laps>1</laps>
        <district-name>Namekagon</district-name>
        <entries>
            <entry id="284"/>
            <entry id="159"/>
            <entry id="211"/>
            <entry id="284"/>
        </entries>
    </race>

    <race>
        <laps>2</laps>
        <district-name>Alpine</district-name>
        <entries>
            <entry id="177"/>
            <entry id="147"/>
        </entries>
    </race>

    <race>
        <laps>8</laps>
        <district-name>5th</district-name>
        <entries>
            <entry id="194"/>
            <entry id="172"/>
        </entries>
    </race>

    <race>
        <laps>8</laps>
        <district-name>Charing Cross</district-name>
        <entries>
            <entry id="209"/>
            <entry id="262"/>
        </entries>
    </race>

    <race>
        <laps>3</laps>
        <district-name>Redwing</district-name>
        <entries>
            <entry id="282"/>
            <entry id="129"/>
            <entry id="49"/>
        </entries>
    </race>

    <race>
        <laps>5</laps>
        <district-name>Esch</district-name>
        <entries>
            <entry id="69"/>
        </entries>
    </race>

    <race>
        <laps>8</laps>
        <district-name>Ramsey</district-name>
        <entries>
            <entry id="218"/>
            <entry id="136"/>
            <entry id="10"/>
            <entry id="74"/>
            <entry id="283"/>
        </entries>
    </race>

    <race>
        <laps>7</laps>
        <district-name>Alpine</district-name>
        <entries>
            <entry id="155"/>
            <entry id="232"/>
            <entry id="62"/>
            <entry id="117"/>
            <entry id="26"/>
            <entry id="125"/>
            <entry id="137"/>
            <entry id="215"/>
        </entries>
    </race>

    <race>
        <laps>1</laps>
        <district-name>Jackson</district-name>
        <entries>
            <entry id="245"/>
            <entry id="287"/>
            <entry id="153"/>
            <entry id="211"/>
        </entries>
    </race>

    <race>
        <laps>9</laps>
        <district-name>Towne</district-name>
        <entries>
            <entry id="147"/>
            <entry id="32"/>
        </entries>
    </race>

    <race>
        <laps>9</laps>
        <district-name>Badeau</district-name>
        <entries>
            <entry id="165"/>
            <entry id="189"/>
            <entry id="133"/>
            <entry id="57"/>
            <entry id="135"/>
            <entry id="236"/>
            <entry id="283"/>
        </entries>
    </race>

    <race>
        <laps>10</laps>
        <district-name>Anderson</district-name>
        <entries>
            <entry id="202"/>
            <entry id="122"/>
            <entry id="27"/>
            <entry id="175"/>
            <entry id="160"/>
            <entry id="291"/>
        </entries>
    </race>

    <race>
        <laps>10</laps>
        <district-name>Manitowish</district-name>
        <entries>
            <entry id="206"/>
            <entry id="247"/>
            <entry id="52"/>
            <entry id="242"/>
        </entries>
    </race>

    <race>
        <laps>6</laps>
        <district-name>Karstens</district-name>
        <entries>
            <entry id="249"/>
            <entry id="197"/>
        </entries>
    </race>

    <race>
        <laps>10</laps>
        <district-name>Dunning</district-name>
        <entries>
            <entry id="110"/>
        </entries>
    </race>

    <race>
        <laps>1</laps>
        <district-name>Manitowish</district-name>
        <entries>
            <entry id="224"/>
            <entry id="150"/>
            <entry id="91"/>
            <entry id="205"/>
            <entry id="85"/>
            <entry id="56"/>
            <entry id="73"/>
            <entry id="205"/>
        </entries>
    </race>

    <race>
        <laps>10</laps>
        <district-name>Raven</district-name>
        <entries>
            <entry id="260"/>
            <entry id="52"/>
            <entry id="195"/>
            <entry id="105"/>
            <entry id="25"/>
            <entry id="166"/>
            <entry id="278"/>
            <entry id="38"/>
        </entries>
    </race>

    <race>
        <laps>9</laps>
        <district-name>Corben</district-name>
        <entries>
            <entry id="126"/>
        </entries>
    </race>

    <race>
        <laps>6</laps>
        <district-name>Harper</district-name>
        <entries>
            <entry id="46"/>
            <entry id="28"/>
            <entry id="208"/>
            <entry id="175"/>
        </entries>
    </race>

    <race>
        <laps>8</laps>
        <district-name>Holmberg</district-name>
        <entries>
            <entry id="192"/>
            <entry id="265"/>
            <entry id="293"/>
        </entries>
    </race>

    <race>
        <laps>4</laps>
        <district-name>South</district-name>
        <entries>
            <entry id="196"/>
            <entry id="94"/>
        </entries>
    </race>

    <race>
        <laps>6</laps>
        <district-name>Anderson</district-name>
        <entries>
            <entry id="104"/>
            <entry id="277"/>
            <entry id="151"/>
            <entry id="45"/>
            <entry id="280"/>
        </entries>
    </race>

    <race>
        <laps>8</laps>
        <district-name>Arrowood</district-name>
        <entries>
            <entry id="184"/>
        </entries>
    </race>

    <race>
        <laps>1</laps>
        <district-name>Farmco</district-name>
        <entries>
            <entry id="219"/>
            <entry id="80"/>
        </entries>
    </race>

    <race>
        <laps>6</laps>
        <district-name>Del Sol</district-name>
        <entries>
            <entry id="123"/>
        </entries>
    </race>

    <race>
        <laps>3</laps>
        <district-name>Elmside</district-name>
        <entries>
            <entry id="259"/>
            <entry id="15"/>
            <entry id="154"/>
            <entry id="284"/>
            <entry id="73"/>
            <entry id="114"/>
        </entries>
    </race>

    <race>
        <laps>9</laps>
        <district-name>Trailsway</district-name>
        <entries>
            <entry id="271"/>
        </entries>
    </race>

    <race>
        <laps>6</laps>
        <district-name>Rigney</district-name>
        <entries>
            <entry id="231"/>
            <entry id="50"/>
            <entry id="101"/>
            <entry id="157"/>
            <entry id="177"/>
            <entry id="197"/>
            <entry id="45"/>
        </entries>
    </race>

    <race>
        <laps>2</laps>
        <district-name>Esch</district-name>
        <entries>
            <entry id="170"/>
            <entry id="270"/>
            <entry id="210"/>
            <entry id="156"/>
            <entry id="77"/>
            <entry id="298"/>
            <entry id="24"/>
            <entry id="214"/>
        </entries>
    </race>

    <race>
        <laps>1</laps>
        <district-name>Mesta</district-name>
        <entries>
            <entry id="8"/>
        </entries>
    </race>

    <race>
        <laps>6</laps>
        <district-name>Karstens</district-name>
        <entries>
            <entry id="275"/>
            <entry id="172"/>
        </entries>
    </race>

    <race>
        <laps>10</laps>
        <district-name>Carberry</district-name>
        <entries>
            <entry id="160"/>
            <entry id="52"/>
            <entry id="92"/>
            <entry id="101"/>
            <entry id="34"/>
            <entry id="129"/>
            <entry id="78"/>
        </entries>
    </race>

    <race>
        <laps>3</laps>
        <district-name>Acker</district-name>
        <entries>
            <entry id="232"/>
            <entry id="89"/>
            <entry id="177"/>
            <entry id="216"/>
        </entries>
    </race>

    <race>
        <laps>3</laps>
        <district-name>Hintze</district-name>
        <entries>
            <entry id="73"/>
            <entry id="222"/>
            <entry id="106"/>
            <entry id="297"/>
            <entry id="257"/>
            <entry id="93"/>
            <entry id="178"/>
            <entry id="231"/>
        </entries>
    </race>

    <race>
        <laps>6</laps>
        <district-name>Brentwood</district-name>
        <entries>
            <entry id="291"/>
            <entry id="53"/>
            <entry id="190"/>
        </entries>
    </race>

    <race>
        <laps>1</laps>
        <district-name>Arrowood</district-name>
        <entries>
            <entry id="214"/>
            <entry id="65"/>
        </entries>
    </race>

    <race>
        <laps>6</laps>
        <district-name>Esch</district-name>
        <entries>
            <entry id="77"/>
            <entry id="132"/>
            <entry id="147"/>
            <entry id="143"/>
        </entries>
    </race>

    <race>
        <laps>1</laps>
        <district-name>Schlimgen</district-name>
        <entries>
            <entry id="79"/>
            <entry id="206"/>
            <entry id="257"/>
            <entry id="71"/>
        </entries>
    </race>

    <race>
        <laps>7</laps>
        <district-name>Trailsway</district-name>
        <entries>
            <entry id="155"/>
            <entry id="67"/>
        </entries>
    </race>

    <race>
        <laps>7</laps>
        <district-name>Schlimgen</district-name>
        <entries>
            <entry id="226"/>
            <entry id="211"/>
            <entry id="136"/>
            <entry id="28"/>
            <entry id="292"/>
            <entry id="247"/>
            <entry id="236"/>
            <entry id="266"/>
        </entries>
    </race>

    <race>
        <laps>9</laps>
        <district-name>Hermina</district-name>
        <entries>
            <entry id="265"/>
            <entry id="265"/>
            <entry id="265"/>
            <entry id="71"/>
            <entry id="50"/>
            <entry id="33"/>
            <entry id="269"/>
        </entries>
    </race>

    <race>
        <laps>9</laps>
        <district-name>Raven</district-name>
        <entries>
            <entry id="295"/>
        </entries>
    </race>

    <race>
        <laps>10</laps>
        <district-name>Rigney</district-name>
        <entries>
            <entry id="280"/>
        </entries>
    </race>

    <race>
        <laps>10</laps>
        <district-name>Arapahoe</district-name>
        <entries>
            <entry id="154"/>
            <entry id="33"/>
            <entry id="221"/>
        </entries>
    </race>

    <race>
        <laps>6</laps>
        <district-name>Harper</district-name>
        <entries>
            <entry id="238"/>
            <entry id="242"/>
            <entry id="15"/>
            <entry id="127"/>
        </entries>
    </race>

    <race>
        <laps>7</laps>
        <district-name>Manufacturers</district-name>
        <entries>
            <entry id="14"/>
            <entry id="23"/>
            <entry id="192"/>
            <entry id="16"/>
            <entry id="272"/>
        </entries>
    </race>

    <race>
        <laps>4</laps>
        <district-name>Acker</district-name>
        <entries>
            <entry id="19"/>
            <entry id="255"/>
            <entry id="173"/>
            <entry id="173"/>
            <entry id="292"/>
            <entry id="257"/>
        </entries>
    </race>

    <race>
        <laps>1</laps>
        <district-name>Northridge</district-name>
        <entries>
            <entry id="50"/>
            <entry id="5"/>
            <entry id="237"/>
            <entry id="140"/>
            <entry id="192"/>
            <entry id="130"/>
            <entry id="11"/>
            <entry id="67"/>
        </entries>
    </race>

    <race>
        <laps>3</laps>
        <district-name>Maple Wood</district-name>
        <entries>
            <entry id="205"/>
            <entry id="151"/>
            <entry id="262"/>
            <entry id="46"/>
            <entry id="267"/>
            <entry id="263"/>
            <entry id="34"/>
            <entry id="58"/>
        </entries>
    </race>

    <race>
        <laps>4</laps>
        <district-name>South</district-name>
        <entries>
            <entry id="231"/>
            <entry id="142"/>
            <entry id="281"/>
            <entry id="77"/>
            <entry id="56"/>
            <entry id="55"/>
            <entry id="81"/>
            <entry id="160"/>
        </entries>
    </race>

    <race>
        <laps>1</laps>
        <district-name>Melody</district-name>
        <entries>
            <entry id="189"/>
        </entries>
    </race>

    <race>
        <laps>10</laps>
        <district-name>Fairfield</district-name>
        <entries>
            <entry id="190"/>
            <entry id="29"/>
            <entry id="108"/>
            <entry id="116"/>
            <entry id="45"/>
            <entry id="135"/>
            <entry id="242"/>
        </entries>
    </race>

    <race>
        <laps>4</laps>
        <district-name>Carpenter</district-name>
        <entries>
            <entry id="146"/>
            <entry id="261"/>
            <entry id="131"/>
            <entry id="280"/>
            <entry id="278"/>
        </entries>
    </race>

    <race>
        <laps>2</laps>
        <district-name>Arrowood</district-name>
        <entries>
            <entry id="20"/>
            <entry id="180"/>
        </entries>
    </race>

    <race>
        <laps>2</laps>
        <district-name>Melody</district-name>
        <entries>
            <entry id="80"/>
            <entry id="239"/>
            <entry id="266"/>
            <entry id="217"/>
            <entry id="69"/>
        </entries>
    </race>

    <race>
        <laps>5</laps>
        <district-name>Fairfield</district-name>
        <entries>
            <entry id="148"/>
            <entry id="252"/>
            <entry id="237"/>
            <entry id="194"/>
            <entry id="178"/>
            <entry id="22"/>
            <entry id="170"/>
        </entries>
    </race>

    <race>
        <laps>6</laps>
        <district-name>Brickson Park</district-name>
        <entries>
            <entry id="298"/>
            <entry id="197"/>
            <entry id="115"/>
            <entry id="65"/>
            <entry id="196"/>
            <entry id="142"/>
            <entry id="217"/>
            <entry id="13"/>
        </entries>
    </race>

    <race>
        <laps>6</laps>
        <district-name>Dryden</district-name>
        <entries>
            <entry id="197"/>
            <entry id="41"/>
            <entry id="3"/>
        </entries>
    </race>

    <race>
        <laps>6</laps>
        <district-name>Farmco</district-name>
        <entries>
            <entry id="180"/>
        </entries>
    </race>

    <race>
        <laps>10</laps>
        <district-name>Fairfield</district-name>
        <entries>
            <entry id="30"/>
            <entry id="97"/>
            <entry id="257"/>
            <entry id="12"/>
            <entry id="106"/>
            <entry id="198"/>
        </entries>
    </race>

    <race>
        <laps>4</laps>
        <district-name>Manufacturers</district-name>
        <entries>
            <entry id="229"/>
            <entry id="155"/>
            <entry id="84"/>
            <entry id="257"/>
        </entries>
    </race>

    <race>
        <laps>7</laps>
        <district-name>Alpine</district-name>
        <entries>
            <entry id="8"/>
            <entry id="288"/>
            <entry id="126"/>
        </entries>
    </race>

    <race>
        <laps>2</laps>
        <district-name>Ridgeway</district-name>
        <entries>
            <entry id="118"/>
            <entry id="28"/>
            <entry id="152"/>
        </entries>
    </race>

    <race>
        <laps>4</laps>
        <district-name>Jenna</district-name>
        <entries>
            <entry id="251"/>
            <entry id="178"/>
            <entry id="38"/>
            <entry id="163"/>
            <entry id="208"/>
            <entry id="166"/>
            <entry id="141"/>
        </entries>
    </race>

    <race>
        <laps>4</laps>
        <district-name>Larry</district-name>
        <entries>
            <entry id="177"/>
            <entry id="25"/>
            <entry id="287"/>
            <entry id="284"/>
        </entries>
    </race>

    <race>
        <laps>3</laps>
        <district-name>Acker</district-name>
        <entries>
            <entry id="25"/>
            <entry id="264"/>
            <entry id="219"/>
        </entries>
    </race>

    <race>
        <laps>4</laps>
        <district-name>Buena Vista</district-name>
        <entries>
            <entry id="97"/>
            <entry id="81"/>
            <entry id="90"/>
            <entry id="286"/>
            <entry id="29"/>
            <entry id="89"/>
            <entry id="223"/>
            <entry id="149"/>
        </entries>
    </race>

    <race>
        <laps>8</laps>
        <district-name>Raven</district-name>
        <entries>
            <entry id="119"/>
            <entry id="6"/>
            <entry id="256"/>
            <entry id="121"/>
            <entry id="108"/>
        </entries>
    </race>

    <race>
        <laps>10</laps>
        <district-name>Summerview</district-name>
        <entries>
            <entry id="203"/>
            <entry id="69"/>
            <entry id="188"/>
        </entries>
    </race>

    <race>
        <laps>8</laps>
        <district-name>Mccormick</district-name>
        <entries>
            <entry id="292"/>
            <entry id="176"/>
            <entry id="119"/>
        </entries>
    </race>

    <race>
        <laps>8</laps>
        <district-name>Arrowood</district-name>
        <entries>
            <entry id="178"/>
            <entry id="263"/>
            <entry id="48"/>
            <entry id="75"/>
            <entry id="73"/>
        </entries>
    </race>

    <race>
        <laps>4</laps>
        <district-name>Harper</district-name>
        <entries>
            <entry id="178"/>
            <entry id="199"/>
            <entry id="86"/>
            <entry id="43"/>
            <entry id="236"/>
        </entries>
    </race>

    <race>
        <laps>10</laps>
        <district-name>Green</district-name>
        <entries>
            <entry id="150"/>
            <entry id="285"/>
            <entry id="27"/>
        </entries>
    </race>

    <race>
        <laps>8</laps>
        <district-name>Bowman</district-name>
        <entries>
            <entry id="226"/>
            <entry id="84"/>
        </entries>
    </race>

    <race>
        <laps>10</laps>
        <district-name>Larry</district-name>
        <entries>
            <entry id="246"/>
            <entry id="226"/>
            <entry id="53"/>
            <entry id="134"/>
            <entry id="274"/>
            <entry id="157"/>
            <entry id="230"/>
        </entries>
    </race>

    <race>
        <laps>1</laps>
        <district-name>Acker</district-name>
        <entries>
            <entry id="131"/>
            <entry id="145"/>
            <entry id="6"/>
        </entries>
    </race>

    <race>
        <laps>6</laps>
        <district-name>Namekagon</district-name>
        <entries>
            <entry id="151"/>
            <entry id="99"/>
            <entry id="271"/>
            <entry id="139"/>
        </entries>
    </race>

    <race>
        <laps>7</laps>
        <district-name>Farmco</district-name>
        <entries>
            <entry id="256"/>
            <entry id="19"/>
            <entry id="199"/>
            <entry id="272"/>
            <entry id="96"/>
            <entry id="61"/>
            <entry id="180"/>
            <entry id="299"/>
        </entries>
    </race>

    <race>
        <laps>6</laps>
        <district-name>Northland</district-name>
        <entries>
            <entry id="257"/>
            <entry id="59"/>
            <entry id="24"/>
            <entry id="222"/>
        </entries>
    </race>

    <race>
        <laps>3</laps>
        <district-name>Upham</district-name>
        <entries>
            <entry id="45"/>
            <entry id="157"/>
            <entry id="213"/>
            <entry id="252"/>
            <entry id="31"/>
        </entries>
    </race>

    <race>
        <laps>7</laps>
        <district-name>Manufacturers</district-name>
        <entries>
            <entry id="17"/>
            <entry id="133"/>
            <entry id="24"/>
        </entries>
    </race>

    <race>
        <laps>2</laps>
        <district-name>Lighthouse Bay</district-name>
        <entries>
            <entry id="251"/>
            <entry id="0"/>
            <entry id="83"/>
            <entry id="236"/>
            <entry id="29"/>
            <entry id="138"/>
            <entry id="113"/>
        </entries>
    </race>

    <race>
        <laps>1</laps>
        <district-name>Mayfield</district-name>
        <entries>
            <entry id="262"/>
            <entry id="169"/>
            <entry id="186"/>
            <entry id="10"/>
            <entry id="223"/>
            <entry id="117"/>
            <entry id="223"/>
        </entries>
    </race>

    <race>
        <laps>4</laps>
        <district-name>Ridgeview</district-name>
        <entries>
            <entry id="225"/>
            <entry id="99"/>
        </entries>
    </race>

    <race>
        <laps>4</laps>
        <district-name>Brentwood</district-name>
        <entries>
            <entry id="89"/>
        </entries>
    </race>

    <race>
        <laps>4</laps>
        <district-name>Raven</district-name>
        <entries>
            <entry id="131"/>
            <entry id="230"/>
            <entry id="60"/>
        </entries>
    </race>

    <race>
        <laps>5</laps>
        <district-name>Dapin</district-name>
        <entries>
            <entry id="171"/>
            <entry id="146"/>
            <entry id="227"/>
            <entry id="250"/>
            <entry id="73"/>
            <entry id="168"/>
            <entry id="270"/>
            <entry id="139"/>
        </entries>
    </race>

    <race>
        <laps>5</laps>
        <district-name>Brickson Park</district-name>
        <entries>
            <entry id="165"/>
            <entry id="125"/>
            <entry id="101"/>
            <entry id="0"/>
            <entry id="206"/>
            <entry id="290"/>
            <entry id="141"/>
            <entry id="194"/>
        </entries>
    </race>

    <race>
        <laps>3</laps>
        <district-name>Dryden</district-name>
        <entries>
            <entry id="137"/>
            <entry id="240"/>
            <entry id="122"/>
        </entries>
    </race>

    <race>
        <laps>5</laps>
        <district-name>Harper</district-name>
        <entries>
            <entry id="176"/>
            <entry id="197"/>
        </entries>
    </race>

    <race>
        <laps>9</laps>
        <district-name>Carioca</district-name>
        <entries>
            <entry id="207"/>
            <entry id="116"/>
            <entry id="23"/>
            <entry id="54"/>
            <entry id="299"/>
        </entries>
    </race>

    <race>
        <laps>7</laps>
        <district-name>Mayfield</district-name>
        <entries>
            <entry id="253"/>
            <entry id="284"/>
            <entry id="198"/>
            <entry id="105"/>
            <entry id="183"/>
            <entry id="99"/>
            <entry id="31"/>
            <entry id="261"/>
        </entries>
    </race>

    <race>
        <laps>1</laps>
        <district-name>Jenifer</district-name>
        <entries>
            <entry id="247"/>
            <entry id="60"/>
            <entry id="217"/>
        </entries>
    </race>

    <race>
        <laps>1</laps>
        <district-name>Birchwood</district-name>
        <entries>
            <entry id="197"/>
            <entry id="1"/>
            <entry id="198"/>
            <entry id="87"/>
            <entry id="38"/>
            <entry id="80"/>
            <entry id="270"/>
            <entry id="279"/>
        </entries>
    </race>

    <race>
        <laps>10</laps>
        <district-name>Carberry</district-name>
        <entries>
            <entry id="280"/>
            <entry id="181"/>
            <entry id="15"/>
            <entry id="34"/>
            <entry id="64"/>
            <entry id="210"/>
        </entries>
    </race>

    <race>
        <laps>7</laps>
        <district-name>Rigney</district-name>
        <entries>
            <entry id="169"/>
            <entry id="24"/>
            <entry id="213"/>
        </entries>
    </race>

    <race>
        <laps>6</laps>
        <district-name>Jenna</district-name>
        <entries>
            <entry id="3"/>
        </entries>
    </race>

    <race>
        <laps>10</laps>
        <district-name>Harper</district-name>
        <entries>
            <entry id="149"/>
            <entry id="161"/>
            <entry id="139"/>
            <entry id="285"/>
            <entry id="138"/>
            <entry id="145"/>
        </entries>
    </race>

    <race>
        <laps>8</laps>
        <district-name>Acker</district-name>
        <entries>
            <entry id="142"/>
            <entry id="63"/>
            <entry id="75"/>
            <entry id="142"/>
        </entries>
    </race>

    <race>
        <laps>8</laps>
        <district-name>Ridgeview</district-name>
        <entries>
            <entry id="177"/>
            <entry id="65"/>
            <entry id="39"/>
            <entry id="53"/>
            <entry id="139"/>
            <entry id="15"/>
            <entry id="159"/>
            <entry id="203"/>
        </entries>
    </race>

    <race>
        <laps>7</laps>
        <district-name>5th</district-name>
        <entries>
            <entry id="249"/>
        </entries>
    </race>

    <race>
        <laps>6</laps>
        <district-name>Farmco</district-name>
        <entries>
            <entry id="213"/>
            <entry id="228"/>
            <entry id="225"/>
            <entry id="175"/>
            <entry id="243"/>
            <entry id="250"/>
            <entry id="208"/>
            <entry id="141"/>
        </entries>
    </race>

    <race>
        <laps>4</laps>
        <district-name>Pine View</district-name>
        <entries>
            <entry id="32"/>
            <entry id="115"/>
            <entry id="158"/>
            <entry id="147"/>
            <entry id="144"/>
            <entry id="109"/>
        </entries>
    </race>

    <race>
        <laps>6</laps>
        <district-name>Northland</district-name>
        <entries>
            <entry id="254"/>
            <entry id="99"/>
            <entry id="275"/>
            <entry id="33"/>
            <entry id="298"/>
            <entry id="230"/>
        </entries>
    </race>

    <race>
        <laps>7</laps>
        <district-name>Knutson</district-name>
        <entries>
            <entry id="51"/>
            <entry id="28"/>
            <entry id="166"/>
            <entry id="136"/>
            <entry id="267"/>
            <entry id="11"/>
        </entries>
    </race>

    <race>
        <laps>2</laps>
        <district-name>Manitowish</district-name>
        <entries>
            <entry id="94"/>
            <entry id="5"/>
            <entry id="222"/>
            <entry id="149"/>
            <entry id="105"/>
        </entries>
    </race>

    <race>
        <laps>1</laps>
        <district-name>Green</district-name>
        <entries>
            <entry id="55"/>
        </entries>
    </race>

    <race>
        <laps>9</laps>
        <district-name>Utah</district-name>
        <entries>
            <entry id="294"/>
        </entries>
    </race>

    <race>
        <laps>5</laps>
        <district-name>Hintze</district-name>
        <entries>
            <entry id="143"/>
            <entry id="62"/>
        </entries>
    </race>

    <race>
        <laps>8</laps>
        <district-name>Utah</district-name>
        <entries>
            <entry id="187"/>
            <entry id="280"/>
            <entry id="209"/>
            <entry id="87"/>
        </entries>
    </race>

    <race>
        <laps>2</laps>
        <district-name>Mesta</district-name>
        <entries>
            <entry id="97"/>
            <entry id="118"/>
            <entry id="124"/>
            <entry id="101"/>
            <entry id="214"/>
            <entry id="8"/>
            <entry id="21"/>
        </entries>
    </race>

    <race>
        <laps>4</laps>
        <district-name>Pine View</district-name>
        <entries>
            <entry id="50"/>
            <entry id="107"/>
            <entry id="257"/>
            <entry id="94"/>
            <entry id="221"/>
            <entry id="75"/>
        </entries>
    </race>

    <race>
        <laps>10</laps>
        <district-name>Maple</district-name>
        <entries>
            <entry id="31"/>
            <entry id="208"/>
            <entry id="162"/>
        </entries>
    </race>

    <race>
        <laps>10</laps>
        <district-name>Jenna</district-name>
        <entries>
            <entry id="57"/>
            <entry id="248"/>
            <entry id="33"/>
            <entry id="191"/>
        </entries>
    </race>

    <race>
        <laps>1</laps>
        <district-name>Carberry</district-name>
        <entries>
            <entry id="180"/>
        </entries>
    </race>

    <race>
        <laps>5</laps>
        <district-name>Pine View</district-name>
        <entries>
            <entry id="202"/>
            <entry id="274"/>
            <entry id="233"/>
            <entry id="283"/>
            <entry id="3"/>
            <entry id="237"/>
            <entry id="81"/>
            <entry id="126"/>
        </entries>
    </race>

    <race>
        <laps>4</laps>
        <district-name>Manufacturers</district-name>
        <entries>
            <entry id="21"/>
            <entry id="235"/>
        </entries>
    </race>

    <race>
        <laps>10</laps>
        <district-name>Northridge</district-name>
        <entries>
            <entry id="272"/>
            <entry id="163"/>
            <entry id="13"/>
        </entries>
    </race>

    <race>
        <laps>9</laps>
        <district-name>Elmside</district-name>
        <entries>
            <entry id="30"/>
            <entry id="11"/>
        </entries>
    </race>

    <race>
        <laps>10</laps>
        <district-name>Del Sol</district-name>
        <entries>
            <entry id="30"/>
            <entry id="103"/>
            <entry id="129"/>
            <entry id="230"/>
            <entry id="264"/>
            <entry id="199"/>
        </entries>
    </race>

    <race>
        <laps>5</laps>
        <district-name>Brickson Park</district-name>
        <entries>
            <entry id="3"/>
            <entry id="214"/>
            <entry id="124"/>
            <entry id="282"/>
            <entry id="45"/>
            <entry id="63"/>
            <entry id="17"/>
        </entries>
    </race>

    <race>
        <laps>6</laps>
        <district-name>Atwood</district-name>
        <entries>
            <entry id="164"/>
            <entry id="91"/>
            <entry id="64"/>
            <entry id="223"/>
            <entry id="5"/>
        </entries>
    </race>

    <race>
        <laps>4</laps>
        <district-name>Fairfield</district-name>
        <entries>
            <entry id="232"/>
        </entries>
    </race>

    <race>
        <laps>3</laps>
        <district-name>Corscot</district-name>
        <entries>
            <entry id="146"/>
            <entry id="246"/>
            <entry id="39"/>
            <entry id="167"/>
            <entry id="6"/>
            <entry id="207"/>
            <entry id="79"/>
            <entry id="13"/>
        </entries>
    </race>

    <race>
        <laps>3</laps>
        <district-name>Utah</district-name>
        <entries>
            <entry id="227"/>
            <entry id="167"/>
            <entry id="0"/>
            <entry id="236"/>
            <entry id="92"/>
            <entry id="238"/>
        </entries>
    </race>

    <race>
        <laps>5</laps>
        <district-name>5th</district-name>
        <entries>
            <entry id="56"/>
            <entry id="142"/>
            <entry id="122"/>
            <entry id="88"/>
            <entry id="44"/>
            <entry id="269"/>
            <entry id="134"/>
            <entry id="270"/>
        </entries>
    </race>

    <race>
        <laps>7</laps>
        <district-name>Ridgeway</district-name>
        <entries>
            <entry id="26"/>
            <entry id="220"/>
            <entry id="209"/>
            <entry id="202"/>
            <entry id="55"/>
            <entry id="162"/>
            <entry id="145"/>
            <entry id="73"/>
        </entries>
    </race>

    <race>
        <laps>6</laps>
        <district-name>Jenifer</district-name>
        <entries>
            <entry id="80"/>
            <entry id="31"/>
            <entry id="23"/>
            <entry id="239"/>
            <entry id="188"/>
            <entry id="137"/>
        </entries>
    </race>

    <race>
        <laps>3</laps>
        <district-name>Carpenter</district-name>
        <entries>
            <entry id="164"/>
            <entry id="257"/>
            <entry id="297"/>
            <entry id="275"/>
            <entry id="198"/>
        </entries>
    </race>

    <race>
        <laps>3</laps>
        <district-name>Karstens</district-name>
        <entries>
            <entry id="239"/>
        </entries>
    </race>

    <race>
        <laps>8</laps>
        <district-name>Maywood</district-name>
        <entries>
            <entry id="247"/>
        </entries>
    </race>

    <race>
        <laps>8</laps>
        <district-name>Atwood</district-name>
        <entries>
            <entry id="196"/>
            <entry id="224"/>
            <entry id="182"/>
            <entry id="157"/>
        </entries>
    </race>

    <race>
        <laps>2</laps>
        <district-name>Summerview</district-name>
        <entries>
            <entry id="255"/>
            <entry id="251"/>
            <entry id="257"/>
        </entries>
    </race>

    <race>
        <laps>8</laps>
        <district-name>Elmside</district-name>
        <entries>
            <entry id="268"/>
        </entries>
    </race>

    <race>
        <laps>2</laps>
        <district-name>Corscot</district-name>
        <entries>
            <entry id="155"/>
            <entry id="295"/>
            <entry id="266"/>
            <entry id="127"/>
            <entry id="59"/>
        </entries>
    </race>

    <race>
        <laps>7</laps>
        <district-name>Dunning</district-name>
        <entries>
            <entry id="97"/>
        </entries>
    </race>

    <race>
        <laps>5</laps>
        <district-name>Atwood</district-name>
        <entries>
            <entry id="241"/>
            <entry id="159"/>
            <entry id="95"/>
            <entry id="10"/>
            <entry id="49"/>
            <entry id="298"/>
            <entry id="219"/>
            <entry id="160"/>
        </entries>
    </race>

    <race>
        <laps>4</laps>
        <district-name>Dunning</district-name>
        <entries>
            <entry id="164"/>
            <entry id="178"/>
        </entries>
    </race>

    <race>
        <laps>7</laps>
        <district-name>Sundown</district-name>
        <entries>
            <entry id="107"/>
            <entry id="232"/>
            <entry id="258"/>
            <entry id="142"/>
            <entry id="70"/>
            <entry id="174"/>
            <entry id="32"/>
            <entry id="117"/>
        </entries>
    </race>

    <race>
        <laps>2</laps>
        <district-name>Arapahoe</district-name>
        <entries>
            <entry id="176"/>
            <entry id="286"/>
        </entries>
    </race>

    <race>
        <laps>10</laps>
        <district-name>Schlimgen</district-name>
        <entries>
            <entry id="280"/>
            <entry id="259"/>
            <entry id="263"/>
            <entry id="64"/>
            <entry id="165"/>
            <entry id="98"/>
            <entry id="131"/>
            <entry id="284"/>
        </entries>
    </race>

    <race>
        <laps>6</laps>
        <district-name>Carberry</district-name>
        <entries>
            <entry id="103"/>
            <entry id="221"/>
            <entry id="124"/>
            <entry id="297"/>
        </entries>
    </race>

    <race>
        <laps>10</laps>
        <district-name>Bowman</district-name>
        <entries>
            <entry id="66"/>
            <entry id="190"/>
            <entry id="140"/>
            <entry id="43"/>
            <entry id="291"/>
        </entries>
    </race>

    <race>
        <laps>3</laps>
        <district-name>Maple Wood</district-name>
        <entries>
            <entry id="80"/>
            <entry id="123"/>
            <entry id="128"/>
            <entry id="101"/>
        </entries>
    </race>

    <race>
        <laps>8</laps>
        <district-name>Del Sol</district-name>
        <entries>
            <entry id="4"/>
            <entry id="171"/>
            <entry id="147"/>
            <entry id="55"/>
        </entries>
    </race>

    <race>
        <laps>9</laps>
        <district-name>Rieder</district-name>
        <entries>
            <entry id="262"/>
            <entry id="251"/>
            <entry id="30"/>
            <entry id="231"/>
            <entry id="103"/>
        </entries>
    </race>

    <race>
        <laps>7</laps>
        <district-name>Columbus</district-name>
        <entries>
            <entry id="249"/>
            <entry id="284"/>
        </entries>
    </race>

    <race>
        <laps>4</laps>
        <district-name>Pine View</district-name>
        <entries>
            <entry id="14"/>
            <entry id="166"/>
            <entry id="109"/>
            <entry id="136"/>
        </entries>
    </race>

    <race>
        <laps>7</laps>
        <district-name>Brickson Park</district-name>
        <entries>
            <entry id="65"/>
            <entry id="115"/>
            <entry id="229"/>
            <entry id="2"/>
            <entry id="50"/>
        </entries>
    </race>

    <race>
        <laps>10</laps>
        <district-name>Raven</district-name>
        <entries>
            <entry id="185"/>
        </entries>
    </race>

    <race>
        <laps>10</laps>
        <district-name>Blue Bill Park</district-name>
        <entries>
            <entry id="141"/>
            <entry id="213"/>
            <entry id="294"/>
            <entry id="15"/>
        </entries>
    </race>

    <race>
        <laps>2</laps>
        <district-name>Fairfield</district-name>
        <entries>
            <entry id="126"/>
            <entry id="213"/>
            <entry id="138"/>
        </entries>
    </race>

    <race>
        <laps>1</laps>
        <district-name>Birchwood</district-name>
        <entries>
            <entry id="292"/>
            <entry id="176"/>
            <entry id="147"/>
            <entry id="117"/>
            <entry id="52"/>
        </entries>
    </race>

    <race>
        <laps>5</laps>
        <district-name>Manufacturers</district-name>
        <entries>
            <entry id="34"/>
            <entry id="55"/>
            <entry id="45"/>
            <entry id="295"/>
            <entry id="268"/>
        </entries>
    </race>

    <race>
        <laps>9</laps>
        <district-name>Bowman</district-name>
        <entries>
            <entry id="155"/>
            <entry id="83"/>
            <entry id="83"/>
            <entry id="1"/>
            <entry id="162"/>
            <entry id="226"/>
            <entry id="84"/>
            <entry id="262"/>
        </entries>
    </race>

    <race>
        <laps>6</laps>
        <district-name>Dryden</district-name>
        <entries>
            <entry id="137"/>
        </entries>
    </race>

    <race>
        <laps>2</laps>
        <district-name>Truax</district-name>
        <entries>
            <entry id="214"/>
            <entry id="197"/>
            <entry id="71"/>
            <entry id="31"/>
            <entry id="257"/>
            <entry id="171"/>
        </entries>
    </race>

    <race>
        <laps>7</laps>
        <district-name>Maple Wood</district-name>
        <entries>
            <entry id="133"/>
            <entry id="167"/>
            <entry id="118"/>
            <entry id="20"/>
            <entry id="254"/>
            <entry id="219"/>
        </entries>
    </race>

    <race>
        <laps>3</laps>
        <district-name>Blue Bill Park</district-name>
        <entries>
            <entry id="31"/>
            <entry id="224"/>
            <entry id="61"/>
            <entry id="183"/>
            <entry id="228"/>
            <entry id="210"/>
            <entry id="291"/>
        </entries>
    </race>

    <race>
        <laps>6</laps>
        <district-name>Brickson Park</district-name>
        <entries>
            <entry id="169"/>
            <entry id="220"/>
        </entries>
    </race>

    <race>
        <laps>4</laps>
        <district-name>Mayfield</district-name>
        <entries>
            <entry id="297"/>
            <entry id="217"/>
            <entry id="92"/>
        </entries>
    </race>

    <race>
        <laps>9</laps>
        <district-name>5th</district-name>
        <entries>
            <entry id="255"/>
            <entry id="88"/>
        </entries>
    </race>

    <race>
        <laps>1</laps>
        <district-name>Trailsway</district-name>
        <entries>
            <entry id="72"/>
            <entry id="83"/>
            <entry id="219"/>
        </entries>
    </race>

    <race>
        <laps>1</laps>
        <district-name>Elmside</district-name>
        <entries>
            <entry id="298"/>
            <entry id="198"/>
            <entry id="109"/>
            <entry id="197"/>
            <entry id="214"/>
            <entry id="213"/>
            <entry id="221"/>
            <entry id="130"/>
        </entries>
    </race>

    <race>
        <laps>8</laps>
        <district-name>Towne</district-name>
        <entries>
            <entry id="21"/>
            <entry id="297"/>
        </entries>
    </race>

    <race>
        <laps>2</laps>
        <district-name>Carioca</district-name>
        <entries>
            <entry id="246"/>
        </entries>
    </race>

    <race>
        <laps>7</laps>
        <district-name>Rigney</district-name>
        <entries>
            <entry id="38"/>
            <entry id="82"/>
            <entry id="43"/>
            <entry id="14"/>
            <entry id="232"/>
        </entries>
    </race>

    <race>
        <laps>2</laps>
        <district-name>Vera</district-name>
        <entries>
            <entry id="106"/>
            <entry id="190"/>
            <entry id="203"/>
            <entry id="114"/>
            <entry id="165"/>
            <entry id="84"/>
            <entry id="266"/>
        </entries>
    </race>

    <race>
        <laps>9</laps>
        <district-name>Lighthouse Bay</district-name>
        <entries>
            <entry id="134"/>
            <entry id="100"/>
            <entry id="159"/>
            <entry id="110"/>
            <entry id="33"/>
            <entry id="8"/>
            <entry id="130"/>
            <entry id="69"/>
        </entries>
    </race>

    <race>
        <laps>8</laps>
        <district-name>Jackson</district-name>
        <entries>
            <entry id="168"/>
            <entry id="70"/>
            <entry id="141"/>
            <entry id="36"/>
            <entry id="133"/>
            <entry id="6"/>
            <entry id="297"/>
        </entries>
    </race>

    <race>
        <laps>7</laps>
        <district-name>Sunfield</district-name>
        <entries>
            <entry id="131"/>
            <entry id="94"/>
            <entry id="210"/>
            <entry id="32"/>
            <entry id="101"/>
            <entry id="287"/>
        </entries>
    </race>

    <race>
        <laps>7</laps>
        <district-name>Rigney</district-name>
        <entries>
            <entry id="127"/>
        </entries>
    </race>

    <race>
        <laps>1</laps>
        <district-name>Mesta</district-name>
        <entries>
            <entry id="197"/>
            <entry id="55"/>
        </entries>
    </race>

    <race>
        <laps>7</laps>
        <district-name>Mesta</district-name>
        <entries>
            <entry id="299"/>
            <entry id="133"/>
            <entry id="41"/>
            <entry id="38"/>
        </entries>
    </race>

    <race>
        <laps>2</laps>
        <district-name>Redwing</district-name>
        <entries>
            <entry id="144"/>
            <entry id="142"/>
            <entry id="197"/>
            <entry id="79"/>
            <entry id="281"/>
            <entry id="89"/>
            <entry id="202"/>
            <entry id="134"/>
        </entries>
    </race>

    <race>
        <laps>9</laps>
        <district-name>Jenna</district-name>
        <entries>
            <entry id="88"/>
            <entry id="157"/>
        </entries>
    </race>

    <race>
        <laps>4</laps>
        <district-name>Darwin</district-name>
        <entries>
            <entry id="23"/>
            <entry id="98"/>
            <entry id="111"/>
            <entry id="16"/>
            <entry id="262"/>
            <entry id="70"/>
        </entries>
    </race>

    <race>
        <laps>6</laps>
        <district-name>Maple Wood</district-name>
        <entries>
            <entry id="261"/>
            <entry id="0"/>
            <entry id="25"/>
            <entry id="61"/>
            <entry id="210"/>
            <entry id="94"/>
        </entries>
    </race>

    <race>
        <laps>1</laps>
        <district-name>Northland</district-name>
        <entries>
            <entry id="101"/>
            <entry id="39"/>
            <entry id="197"/>
            <entry id="190"/>
            <entry id="205"/>
            <entry id="131"/>
            <entry id="185"/>
        </entries>
    </race>

    <race>
        <laps>7</laps>
        <district-name>Rigney</district-name>
        <entries>
            <entry id="23"/>
            <entry id="103"/>
            <entry id="229"/>
        </entries>
    </race>

    <race>
        <laps>4</laps>
        <district-name>Clove</district-name>
        <entries>
            <entry id="194"/>
        </entries>
    </race>

    <race>
        <laps>1</laps>
        <district-name>Nevada</district-name>
        <entries>
            <entry id="194"/>
            <entry id="122"/>
            <entry id="226"/>
            <entry id="161"/>
            <entry id="109"/>
            <entry id="252"/>
            <entry id="224"/>
            <entry id="66"/>
        </entries>
    </race>

    <race>
        <laps>5</laps>
        <district-name>Badeau</district-name>
        <entries>
            <entry id="9"/>
            <entry id="74"/>
            <entry id="25"/>
            <entry id="153"/>
            <entry id="58"/>
            <entry id="108"/>
            <entry id="264"/>
            <entry id="202"/>
        </entries>
    </race>

    <race>
        <laps>2</laps>
        <district-name>Mayfield</district-name>
        <entries>
            <entry id="60"/>
            <entry id="84"/>
            <entry id="261"/>
            <entry id="249"/>
            <entry id="246"/>
            <entry id="110"/>
            <entry id="275"/>
            <entry id="289"/>
        </entries>
    </race>

    <race>
        <laps>5</laps>
        <district-name>Del Sol</district-name>
        <entries>
            <entry id="37"/>
            <entry id="269"/>
            <entry id="23"/>
            <entry id="206"/>
            <entry id="285"/>
            <entry id="78"/>
            <entry id="99"/>
        </entries>
    </race>

    <race>
        <laps>7</laps>
        <district-name>Elmside</district-name>
        <entries>
            <entry id="141"/>
            <entry id="181"/>
        </entries>
    </race>

    <race>
        <laps>5</laps>
        <district-name>Drewry</district-name>
        <entries>
            <entry id="12"/>
            <entry id="133"/>
            <entry id="110"/>
            <entry id="84"/>
            <entry id="170"/>
            <entry id="250"/>
            <entry id="245"/>
            <entry id="282"/>
        </entries>
    </race>

    <race>
        <laps>7</laps>
        <district-name>Raven</district-name>
        <entries>
            <entry id="74"/>
            <entry id="86"/>
        </entries>
    </race>

    <race>
        <laps>7</laps>
        <district-name>Moland</district-name>
        <entries>
            <entry id="187"/>
            <entry id="87"/>
            <entry id="271"/>
        </entries>
    </race>

    <race>
        <laps>4</laps>
        <district-name>Drewry</district-name>
        <entries>
            <entry id="264"/>
            <entry id="109"/>
            <entry id="14"/>
            <entry id="272"/>
            <entry id="99"/>
        </entries>
    </race>

    <race>
        <laps>5</laps>
        <district-name>Southridge</district-name>
        <entries>
            <entry id="49"/>
            <entry id="69"/>
            <entry id="268"/>
            <entry id="266"/>
            <entry id="117"/>
        </entries>
    </race>

    <race>
        <laps>10</laps>
        <district-name>Carpenter</district-name>
        <entries>
            <entry id="248"/>
            <entry id="150"/>
            <entry id="79"/>
            <entry id="20"/>
            <entry id="145"/>
            <entry id="176"/>
        </entries>
    </race>

    <race>
        <laps>7</laps>
        <district-name>Dovetail</district-name>
        <entries>
            <entry id="294"/>
            <entry id="125"/>
        </entries>
    </race>

    <race>
        <laps>3</laps>
        <district-name>Holmberg</district-name>
        <entries>
            <entry id="4"/>
            <entry id="124"/>
            <entry id="221"/>
            <entry id="262"/>
            <entry id="276"/>
            <entry id="298"/>
            <entry id="263"/>
            <entry id="136"/>
        </entries>
    </race>

    <race>
        <laps>2</laps>
        <district-name>Schiller</district-name>
        <entries>
            <entry id="142"/>
            <entry id="242"/>
            <entry id="202"/>
        </entries>
    </race>

    <race>
        <laps>6</laps>
        <district-name>Dryden</district-name>
        <entries>
            <entry id="88"/>
            <entry id="218"/>
            <entry id="216"/>
            <entry id="206"/>
            <entry id="155"/>
            <entry id="193"/>
            <entry id="69"/>
        </entries>
    </race>

    <race>
        <laps>7</laps>
        <district-name>Carpenter</district-name>
        <entries>
            <entry id="270"/>
            <entry id="80"/>
        </entries>
    </race>

    <race>
        <laps>6</laps>
        <district-name>Grasskamp</district-name>
        <entries>
            <entry id="58"/>
        </entries>
    </race>

    <race>
        <laps>1</laps>
        <district-name>Green</district-name>
        <entries>
            <entry id="213"/>
            <entry id="130"/>
            <entry id="67"/>
            <entry id="267"/>
            <entry id="35"/>
        </entries>
    </race>

    <race>
        <laps>6</laps>
        <district-name>Fieldstone</district-name>
        <entries>
            <entry id="123"/>
            <entry id="138"/>
            <entry id="210"/>
            <entry id="212"/>
        </entries>
    </race>

    <race>
        <laps>8</laps>
        <district-name>Fieldstone</district-name>
        <entries>
            <entry id="102"/>
            <entry id="97"/>
            <entry id="258"/>
            <entry id="51"/>
            <entry id="156"/>
            <entry id="223"/>
            <entry id="99"/>
            <entry id="39"/>
        </entries>
    </race>

    <race>
        <laps>10</laps>
        <district-name>Summerview</district-name>
        <entries>
            <entry id="127"/>
        </entries>
    </race>

    <race>
        <laps>3</laps>
        <district-name>Rieder</district-name>
        <entries>
            <entry id="105"/>
            <entry id="296"/>
            <entry id="228"/>
            <entry id="244"/>
            <entry id="57"/>
            <entry id="51"/>
        </entries>
    </race>

    <race>
        <laps>2</laps>
        <district-name>Brentwood</district-name>
        <entries>
            <entry id="224"/>
            <entry id="199"/>
            <entry id="78"/>
        </entries>
    </race>

    <race>
        <laps>10</laps>
        <district-name>Corscot</district-name>
        <entries>
            <entry id="152"/>
        </entries>
    </race>

    <race>
        <laps>1</laps>
        <district-name>Southridge</district-name>
        <entries>
            <entry id="203"/>
            <entry id="23"/>
        </entries>
    </race>

    <race>
        <laps>5</laps>
        <district-name>Manitowish</district-name>
        <entries>
            <entry id="29"/>
            <entry id="58"/>
            <entry id="36"/>
            <entry id="222"/>
            <entry id="18"/>
            <entry id="7"/>
            <entry id="42"/>
        </entries>
    </race>

    <race>
        <laps>9</laps>
        <district-name>Jackson</district-name>
        <entries>
            <entry id="116"/>
            <entry id="14"/>
            <entry id="162"/>
        </entries>
    </race>

    <race>
        <laps>5</laps>
        <district-name>Farmco</district-name>
        <entries>
            <entry id="255"/>
            <entry id="166"/>
            <entry id="131"/>
            <entry id="144"/>
            <entry id="185"/>
            <entry id="294"/>
        </entries>
    </race>

    <race>
        <laps>8</laps>
        <district-name>Raven</district-name>
        <entries>
            <entry id="165"/>
            <entry id="232"/>
            <entry id="109"/>
            <entry id="186"/>
            <entry id="219"/>
        </entries>
    </race>

    <race>
        <laps>6</laps>
        <district-name>Badeau</district-name>
        <entries>
            <entry id="24"/>
            <entry id="49"/>
            <entry id="284"/>
            <entry id="233"/>
        </entries>
    </race>

    <race>
        <laps>9</laps>
        <district-name>Buell</district-name>
        <entries>
            <entry id="43"/>
            <entry id="288"/>
            <entry id="270"/>
            <entry id="138"/>
            <entry id="113"/>
            <entry id="13"/>
        </entries>
    </race>

    <race>
        <laps>2</laps>
        <district-name>Grasskamp</district-name>
        <entries>
            <entry id="209"/>
            <entry id="245"/>
        </entries>
    </race>

    <race>
        <laps>10</laps>
        <district-name>Southridge</district-name>
        <entries>
            <entry id="290"/>
            <entry id="191"/>
            <entry id="52"/>
            <entry id="190"/>
            <entry id="107"/>
            <entry id="298"/>
            <entry id="57"/>
        </entries>
    </race>

    <race>
        <laps>5</laps>
        <district-name>Manitowish</district-name>
        <entries>
            <entry id="3"/>
            <entry id="266"/>
            <entry id="78"/>
            <entry id="58"/>
        </entries>
    </race>

    <race>
        <laps>2</laps>
        <district-name>Namekagon</district-name>
        <entries>
            <entry id="276"/>
            <entry id="187"/>
            <entry id="152"/>
            <entry id="20"/>
            <entry id="185"/>
            <entry id="159"/>
            <entry id="72"/>
        </entries>
    </race>

    <race>
        <laps>2</laps>
        <district-name>Ramsey</district-name>
        <entries>
            <entry id="57"/>
            <entry id="191"/>
        </entries>
    </race>

    <race>
        <laps>5</laps>
        <district-name>Summerview</district-name>
        <entries>
            <entry id="31"/>
            <entry id="129"/>
            <entry id="143"/>
            <entry id="21"/>
        </entries>
    </race>

    <race>
        <laps>3</laps>
        <district-name>Alpine</district-name>
        <entries>
            <entry id="223"/>
            <entry id="21"/>
        </entries>
    </race>

    <race>
        <laps>6</laps>
        <district-name>Buell</district-name>
        <entries>
            <entry id="211"/>
        </entries>
    </race>

    <race>
        <laps>8</laps>
        <district-name>Summerview</district-name>
        <entries>
            <entry id="203"/>
            <entry id="159"/>
        </entries>
    </race>

    <race>
        <laps>9</laps>
        <district-name>Blue Bill Park</district-name>
        <entries>
            <entry id="148"/>
            <entry id="242"/>
            <entry id="274"/>
        </entries>
    </race>

    <race>
        <laps>10</laps>
        <district-name>Buena Vista</district-name>
        <entries>
            <entry id="91"/>
            <entry id="190"/>
            <entry id="35"/>
            <entry id="118"/>
            <entry id="64"/>
            <entry id="127"/>
        </entries>
    </race>

    <race>
        <laps>7</laps>
        <district-name>Drewry</district-name>
        <entries>
            <entry id="216"/>
        </entries>
    </race>

    <race>
        <laps>4</laps>
        <district-name>Anderson</district-name>
        <entries>
            <entry id="142"/>
            <entry id="119"/>
            <entry id="267"/>
            <entry id="150"/>
            <entry id="52"/>
            <entry id="294"/>
            <entry id="71"/>
            <entry id="225"/>
        </entries>
    </race>

    <race>
        <laps>3</laps>
        <district-name>Summerview</district-name>
        <entries>
            <entry id="237"/>
            <entry id="205"/>
            <entry id="192"/>
            <entry id="79"/>
            <entry id="100"/>
            <entry id="61"/>
            <entry id="125"/>
            <entry id="155"/>
        </entries>
    </race>

    <race>
        <laps>4</laps>
        <district-name>Vera</district-name>
        <entries>
            <entry id="154"/>
            <entry id="66"/>
            <entry id="103"/>
            <entry id="281"/>
            <entry id="190"/>
        </entries>
    </race>

    <race>
        <laps>1</laps>
        <district-name>Ronald Regan</district-name>
        <entries>
            <entry id="193"/>
        </entries>
    </race>

    <race>
        <laps>6</laps>
        <district-name>Dunning</district-name>
        <entries>
            <entry id="247"/>
            <entry id="132"/>
            <entry id="81"/>
            <entry id="198"/>
            <entry id="93"/>
        </entries>
    </race>

    <race>
        <laps>10</laps>
        <district-name>Namekagon</district-name>
        <entries>
            <entry id="156"/>
            <entry id="99"/>
            <entry id="103"/>
            <entry id="19"/>
        </entries>
    </race>

    <race>
        <laps>10</laps>
        <district-name>Carberry</district-name>
        <entries>
            <entry id="232"/>
            <entry id="232"/>
            <entry id="47"/>
            <entry id="148"/>
            <entry id="210"/>
            <entry id="121"/>
        </entries>
    </race>

    <race>
        <laps>10</laps>
        <district-name>Brickson Park</district-name>
        <entries>
            <entry id="196"/>
            <entry id="265"/>
            <entry id="170"/>
            <entry id="133"/>
            <entry id="194"/>
            <entry id="261"/>
            <entry id="230"/>
            <entry id="50"/>
        </entries>
    </race>

    <race>
        <laps>7</laps>
        <district-name>Birchwood</district-name>
        <entries>
            <entry id="57"/>
            <entry id="295"/>
        </entries>
    </race>

    <race>
        <laps>7</laps>
        <district-name>Express</district-name>
        <entries>
            <entry id="282"/>
            <entry id="189"/>
        </entries>
    </race>

</races>