[
  {
    "name": "TRAMADOL HYDROCHLORIDE",
    "price": 516.4800,
    "seller": "Stewart"
  },
  {
    "name": "Pleo Ginkgo",
    "price": 613.6500,
    "seller": "Carl Lawson"
  },
  {
    "name": "Diastat",
    "price": 614.1400,
    "seller": "Kathy Gilbert"
  },
  {
    "name": "ENBREL",
    "price": 673.9700,
    "seller": "Cunningham"
  },
  {
    "name": "Warfarin Sodium",
    "price": 770.0500,
    "seller": "Bonnie Fox"
  },
  {
    "name": "Clarins Paris Skin Illusion - 114 cappuccino",
    "price": 811.4200,
    "seller": "Gloria Alexander"
  },
  {
    "name": "Dawn Ultra Antibacterial Hand",
    "price": 969.8600,
    "seller": "Billy Parker"
  },
  {
    "name": "Megestrol Acetate",
    "price": 976.1500,
    "seller": "Brandon Fuller"
  }
]