[
	{
		"first_name" : "Adorne",
		"last_name" : "Bewly",
		"age" : 40,
		"appointed_employee" : "Milty Dyett"
	},
	{
		"first_name" : "Stanfield",
		"last_name" : "Suttling",
		"age" : 49,
		"appointed_employee" : "Milty Dyett"
	},
	{
		"first_name" : "Alida",
		"last_name" : "Aronov",
		"age" : 26,
		"appointed_employee" : "Milty Dyett"
	},
	{
		"first_name" : "Karoly",
		"last_name" : "Ickowics",
		"age" : 54,
		"appointed_employee" : "Milty Dyett"
	},
	{
		"first_name" : "Cari",
		"last_name" : "Hillburn",
		"age" : 18,
		"appointed_employee" : "Ermentrude Crenshaw"
	},
	{
		"first_name" : "Otis",
		"last_name" : "Simakov",
		"age" : 27,
		"appointed_employee" : "Ermentrude Crenshaw"
	},
	{
		"first_name" : "Meara",
		"last_name" : "Stolli",
		"age" : 36,
		"appointed_employee" : "Ermentrude Crenshaw"
	},
	{
		"first_name" : "Babs",
		"last_name" : "Moreing",
		"age" : 41,
		"appointed_employee" : "Ermentrude Crenshaw"
	},
	{
		"first_name" : "Neille",
		"last_name" : "Girogetti",
		"age" : 43,
		"appointed_employee" : "Ermentrude Crenshaw"
	},
	{
		"first_name" : "Karlens",
		"last_name" : "Algeo",
		"age" : 22,
		"appointed_employee" : "Ermentrude Crenshaw"
	},
	{
		"first_name" : "Letti",
		"last_name" : "Swindon",
		"age" : 41,
		"appointed_employee" : "Ermentrude Crenshaw"
	},
	{
		"first_name" : "Carlee",
		"last_name" : "Haskur",
		"age" : 50,
		"appointed_employee" : "Ermentrude Crenshaw"
	},
	{
		"first_name" : "Rik",
		"last_name" : "Tash",
		"age" : 55,
		"appointed_employee" : "Peyton Parncutt"
	},
	{
		"first_name" : "Neale",
		"last_name" : "Bach",
		"age" : 39,
		"appointed_employee" : "Peyton Parncutt"
	},
	{
		"first_name" : "Neale",
		"last_name" : "Bach",
		"age" : 39,
		"appointed_employee" : "Pacorro Lashford"
	},
	{
		"first_name" : "Allegra",
		"last_name" : "Garwell",
		"age" : 20,
		"appointed_employee" : "Pacorro Lashford"
	},
	{
		"first_name" : "Saree",
		"last_name" : "Norville",
		"age" : 58,
		"appointed_employee" : "Pacorro Lashford"
	},
	{
		"first_name" : "Rahel",
		"last_name" : "Tinham",
		"age" : 30,
		"appointed_employee" : "Allen Work"
	},
	{
		"first_name" : "Austin",
		"last_name" : "Loads",
		"age" : 35,
		"appointed_employee" : "Allen Work"
	},
	{
		"first_name" : "Erin",
		"last_name" : "Cullingworth",
		"age" : 47,
		"appointed_employee" : "Allen Work"
	},
	{
		"first_name" : "Reinwald",
		"last_name" : "Cattroll",
		"age" : 58,
		"appointed_employee" : "Allen Work"
	},
	{
		"first_name" : "Erin",
		"last_name" : "Cullingworth",
		"age" : 47,
		"appointed_employee" : "Toma MacKenney"
	},
	{
		"first_name" : "Silvana",
		"last_name" : "McKinlay",
		"age" : 37,
		"appointed_employee" : "Toma MacKenney"
	},
	{
		"first_name" : "Harbert",
		"last_name" : "Bowen",
		"age" : 20,
		"appointed_employee" : "Toma MacKenney"
	},
	{
		"first_name" : "Karoly",
		"last_name" : "Crab",
		"age" : 39,
		"appointed_employee" : "Toma MacKenney"
	},
	{
		"first_name" : "Jobina",
		"last_name" : "Tessington",
		"age" : 38,
		"appointed_employee" : "Domenic Seeborne"
	},
	{
		"first_name" : "Barth",
		"last_name" : "Metcalfe",
		"age" : 35,
		"appointed_employee" : "Domenic Seeborne"
	},
	{
		"first_name" : "Pansie",
		"last_name" : "Reeders",
		"age" : 25,
		"appointed_employee" : "Domenic Seeborne"
	},
	{
		"first_name" : "Polly",
		"last_name" : "Wilprecht",
		"age" : 29,
		"appointed_employee" : "Domenic Seeborne"
	},
	{
		"first_name" : "Misha",
		"last_name" : "Bennet",
		"age" : 31,
		"appointed_employee" : "Hyacinthie Aleksandrikin"
	},
	{
		"first_name" : "Fanchon",
		"last_name" : "Lias",
		"age" : 56,
		"appointed_employee" : "Hyacinthie Aleksandrikin"
	},
	{
		"first_name" : "Neale",
		"last_name" : "Bach",
		"age" : 39,
		"appointed_employee" : "Hyacinthie Aleksandrikin"
	},
	{
		"first_name" : "Karlens",
		"last_name" : "Algeo",
		"age" : 22,
		"appointed_employee" : "Hyacinthie Aleksandrikin"
	},
	{
		"first_name" : "Ryan",
		"last_name" : "Turfitt",
		"age" : 27,
		"appointed_employee" : "Hyacinthie Aleksandrikin"
	},
	{
		"first_name" : "Denice",
		"last_name" : "Springtorp",
		"age" : 25,
		"appointed_employee" : "Hyacinthie Aleksandrikin"
	},
	{
		"first_name" : "Risa",
		"last_name" : "Probbin",
		"age" : 37,
		"appointed_employee" : "Hyacinthie Aleksandrikin"
	},
	{
		"first_name" : "Hunter",
		"last_name" : "Wesgate",
		"age" : 33,
		"appointed_employee" : "Nial Lonergan"
	},
	{
		"first_name" : "Valdemar",
		"last_name" : "McCawley",
		"age" : 24,
		"appointed_employee" : "Nial Lonergan"
	},
	{
		"first_name" : "Jobina",
		"last_name" : "Tessington",
		"age" : 38,
		"appointed_employee" : "Nial Lonergan"
	},
	{
		"first_name" : "Fallon",
		"last_name" : "Tidbold",
		"age" : 51,
		"appointed_employee" : "Nial Lonergan"
	},
	{
		"first_name" : "Pippo",
		"last_name" : "Murgatroyd",
		"age" : 34,
		"appointed_employee" : "Nial Lonergan"
	},
	{
		"first_name" : "Creighton",
		"last_name" : "Minette",
		"age" : 59,
		"appointed_employee" : "Nial Lonergan"
	},
	{
		"first_name" : "Reinwald",
		"last_name" : "Cattroll",
		"age" : 58,
		"appointed_employee" : "Nial Lonergan"
	},
	{
		"first_name" : "Towny",
		"last_name" : "Hallbird",
		"age" : 59,
		"appointed_employee" : "Nial Lonergan"
	},
	{
		"first_name" : "Brnaby",
		"last_name" : "Barnsley",
		"age" : 41,
		"appointed_employee" : "Nial Lonergan"
	},
	{
		"first_name" : "Malvin",
		"last_name" : "Pyper",
		"age" : 24,
		"appointed_employee" : "Nial Lonergan"
	},
	{
		"first_name" : "Emelita",
		"last_name" : "Kesper",
		"age" : 60,
		"appointed_employee" : "Alvina Huscroft"
	},
	{
		"first_name" : "Misha",
		"last_name" : "Bennet",
		"age" : 31,
		"appointed_employee" : "Roderich Storrs"
	},
	{
		"first_name" : "Elwyn",
		"last_name" : "Marler",
		"age" : 31,
		"appointed_employee" : "Roderich Storrs"
	},
	{
		"first_name" : "Gerhardine",
		"last_name" : "Yaus",
		"age" : 26,
		"appointed_employee" : "Roderich Storrs"
	},
	{
		"first_name" : "Silvana",
		"last_name" : "McKinlay",
		"age" : 37,
		"appointed_employee" : "Roderich Storrs"
	},
	{
		"first_name" : "Neille",
		"last_name" : "Girogetti",
		"age" : 43,
		"appointed_employee" : "Roderich Storrs"
	},
	{
		"first_name" : "Parsifal",
		"last_name" : "Varey",
		"age" : 30,
		"appointed_employee" : "Mariska Cornilli"
	},
	{
		"first_name" : "Valencia",
		"last_name" : "Desborough",
		"age" : 47,
		"appointed_employee" : "Mariska Cornilli"
	},
	{
		"first_name" : "Sadye",
		"last_name" : "Binnell",
		"age" : 22,
		"appointed_employee" : "Mariska Cornilli"
	},
	{
		"first_name" : "Lilas",
		"last_name" : "Saunier",
		"age" : 54,
		"appointed_employee" : "Mariska Cornilli"
	},
	{
		"first_name" : "Pennie",
		"last_name" : "Dorbin",
		"age" : 39,
		"appointed_employee" : "Mariska Cornilli"
	},
	{
		"first_name" : "Austin",
		"last_name" : "Burwell",
		"age" : 22,
		"appointed_employee" : "Mariska Cornilli"
	},
	{
		"first_name" : "Sheffie",
		"last_name" : "Withrop",
		"age" : 60,
		"appointed_employee" : "Cob Barnbrook"
	},
	{
		"first_name" : "Sadye",
		"last_name" : "Binnell",
		"age" : 22,
		"appointed_employee" : "Cob Barnbrook"
	},
	{
		"first_name" : "Catha",
		"last_name" : "Baline",
		"age" : 47,
		"appointed_employee" : "Cob Barnbrook"
	},
	{
		"first_name" : "Pennie",
		"last_name" : "Dorbin",
		"age" : 39,
		"appointed_employee" : "Cob Barnbrook"
	},
	{
		"first_name" : "Valdemar",
		"last_name" : "McCawley",
		"age" : 24,
		"appointed_employee" : "Alisa Yerrell"
	},
	{
		"first_name" : "Hunfredo",
		"last_name" : "Elphey",
		"age" : 29,
		"appointed_employee" : "Alisa Yerrell"
	},
	{
		"first_name" : "Valencia",
		"last_name" : "Desborough",
		"age" : 47,
		"appointed_employee" : "Alisa Yerrell"
	},
	{
		"first_name" : "Rik",
		"last_name" : "Tash",
		"age" : 55,
		"appointed_employee" : "Alisa Yerrell"
	},
	{
		"first_name" : "Dedie",
		"last_name" : "Stonuary",
		"age" : 20,
		"appointed_employee" : "Alisa Yerrell"
	},
	{
		"first_name" : "Lind",
		"last_name" : "Kernermann",
		"age" : 43,
		"appointed_employee" : "Alisa Yerrell"
	},
	{
		"first_name" : "Ryan",
		"last_name" : "Turfitt",
		"age" : 27,
		"appointed_employee" : "Alisa Yerrell"
	},
	{
		"first_name" : "Witchel",
		"last_name" : "Brichel",
		"age" : 22,
		"appointed_employee" : "Alisa Yerrell"
	},
	{
		"first_name" : "Hannis",
		"last_name" : "Skippings",
		"age" : 52,
		"appointed_employee" : "Kerby Martyns"
	},
	{
		"first_name" : "Catha",
		"last_name" : "Baline",
		"age" : 47,
		"appointed_employee" : "Kerby Martyns"
	},
	{
		"first_name" : "Tessa",
		"last_name" : "Metschke",
		"age" : 32,
		"appointed_employee" : "Lelah Blenkensop"
	},
	{
		"first_name" : "Jose",
		"last_name" : "Bene",
		"age" : 37,
		"appointed_employee" : "Lelah Blenkensop"
	},
	{
		"first_name" : "Charline",
		"last_name" : "Malin",
		"age" : 48,
		"appointed_employee" : "Lelah Blenkensop"
	},
	{
		"first_name" : "Neille",
		"last_name" : "Girogetti",
		"age" : 43,
		"appointed_employee" : "Lelah Blenkensop"
	},
	{
		"first_name" : "Tommy",
		"last_name" : "McKane",
		"age" : 46,
		"appointed_employee" : "Lelah Blenkensop"
	},
	{
		"first_name" : "Valera",
		"last_name" : "Moehle",
		"age" : 39,
		"appointed_employee" : "Lelah Blenkensop"
	},
	{
		"first_name" : "Dory",
		"last_name" : "Reinard",
		"age" : 30,
		"appointed_employee" : "Minette Jump"
	},
	{
		"first_name" : "Elsinore",
		"last_name" : "Whithorn",
		"age" : 23,
		"appointed_employee" : "Minette Jump"
	},
	{
		"first_name" : "Ignacio",
		"last_name" : "Hattersley",
		"age" : 28,
		"appointed_employee" : "Minette Jump"
	},
	{
		"first_name" : "Meara",
		"last_name" : "Stolli",
		"age" : 36,
		"appointed_employee" : "Tamarah Armytage"
	},
	{
		"first_name" : "Lynette",
		"last_name" : "Suffield",
		"age" : 37,
		"appointed_employee" : "Tamarah Armytage"
	},
	{
		"first_name" : "Grete",
		"last_name" : "Gifford",
		"age" : 46,
		"appointed_employee" : "Tamarah Armytage"
	},
	{
		"first_name" : "Lind",
		"last_name" : "Kernermann",
		"age" : 43,
		"appointed_employee" : "Tamarah Armytage"
	},
	{
		"first_name" : "Aubrey",
		"last_name" : "Jelf",
		"age" : 55,
		"appointed_employee" : "Tamarah Armytage"
	},
	{
		"first_name" : "Polly",
		"last_name" : "Wilprecht",
		"age" : 29,
		"appointed_employee" : "Tamarah Armytage"
	},
	{
		"first_name" : "Filberte",
		"last_name" : "Calam",
		"age" : 38,
		"appointed_employee" : "Nananne Peaddie"
	},
	{
		"first_name" : "Rik",
		"last_name" : "Tash",
		"age" : 55,
		"appointed_employee" : "Nananne Peaddie"
	},
	{
		"first_name" : "Pansie",
		"last_name" : "Reeders",
		"age" : 25,
		"appointed_employee" : "Nananne Peaddie"
	},
	{
		"first_name" : "Saree",
		"last_name" : "Norville",
		"age" : 58,
		"appointed_employee" : "Nananne Peaddie"
	},
	{
		"first_name" : "Austin",
		"last_name" : "Burwell",
		"age" : 22,
		"appointed_employee" : "Nananne Peaddie"
	},
	{
		"first_name" : "Zak",
		"last_name" : "Loveman",
		"age" : 18,
		"appointed_employee" : "Cloe Kiddy"
	},
	{
		"first_name" : "Genovera",
		"last_name" : "Hylden",
		"age" : 24,
		"appointed_employee" : "Cloe Kiddy"
	},
	{
		"first_name" : "Bord",
		"last_name" : "Tremoulet",
		"age" : 52,
		"appointed_employee" : "Cloe Kiddy"
	},
	{
		"first_name" : "Casandra",
		"last_name" : "Barwis",
		"age" : 33,
		"appointed_employee" : "Cloe Kiddy"
	},
	{
		"first_name" : "Rosana",
		"last_name" : "Raspel",
		"age" : 46,
		"appointed_employee" : "Cloe Kiddy"
	},
	{
		"first_name" : "Romain",
		"last_name" : "Aloigi",
		"age" : 58,
		"appointed_employee" : "Lisette Harrigan"
	},
	{
		"first_name" : "Gerhardine",
		"last_name" : "Yaus",
		"age" : 26,
		"appointed_employee" : "Lisette Harrigan"
	},
	{
		"first_name" : "Zak",
		"last_name" : "Loveman",
		"age" : 18,
		"appointed_employee" : "Brigg Barrass"
	},
	{
		"first_name" : "Zia",
		"last_name" : "Ivimey",
		"age" : 49,
		"appointed_employee" : "Brigg Barrass"
	},
	{
		"first_name" : "Tim",
		"last_name" : "Enric",
		"age" : 43,
		"appointed_employee" : "Brigg Barrass"
	},
	{
		"first_name" : "Staford",
		"last_name" : "Lougheed",
		"age" : 49,
		"appointed_employee" : "Brigg Barrass"
	},
	{
		"first_name" : "Melli",
		"last_name" : "MacPeice",
		"age" : 50,
		"appointed_employee" : "Brigg Barrass"
	},
	{
		"first_name" : "Reinaldos",
		"last_name" : "Pirnie",
		"age" : 57,
		"appointed_employee" : "Wendall Cripps"
	},
	{
		"first_name" : "Otis",
		"last_name" : "Simakov",
		"age" : 27,
		"appointed_employee" : "Wendall Cripps"
	},
	{
		"first_name" : "Filberte",
		"last_name" : "Calam",
		"age" : 38,
		"appointed_employee" : "Wendall Cripps"
	},
	{
		"first_name" : "Valencia",
		"last_name" : "Desborough",
		"age" : 47,
		"appointed_employee" : "Wendall Cripps"
	},
	{
		"first_name" : "Felic",
		"last_name" : "Caulwell",
		"age" : 34,
		"appointed_employee" : "Wendall Cripps"
	},
	{
		"first_name" : "Pippo",
		"last_name" : "Murgatroyd",
		"age" : 34,
		"appointed_employee" : "Wendall Cripps"
	},
	{
		"first_name" : "Karoly",
		"last_name" : "Crab",
		"age" : 39,
		"appointed_employee" : "Wendall Cripps"
	},
	{
		"first_name" : "Parsifal",
		"last_name" : "Varey",
		"age" : 30,
		"appointed_employee" : "Merrilee Jurek"
	},
	{
		"first_name" : "Charline",
		"last_name" : "Malin",
		"age" : 48,
		"appointed_employee" : "Merrilee Jurek"
	},
	{
		"first_name" : "Lon",
		"last_name" : "Ismirnioglou",
		"age" : 55,
		"appointed_employee" : "Merrilee Jurek"
	},
	{
		"first_name" : "Annabal",
		"last_name" : "Aizikovitz",
		"age" : 42,
		"appointed_employee" : "Merrilee Jurek"
	},
	{
		"first_name" : "Joella",
		"last_name" : "Mackieson",
		"age" : 43,
		"appointed_employee" : "Merrilee Jurek"
	},
	{
		"first_name" : "Carlee",
		"last_name" : "Haskur",
		"age" : 50,
		"appointed_employee" : "Merrilee Jurek"
	},
	{
		"first_name" : "Saraann",
		"last_name" : "McVity",
		"age" : 33,
		"appointed_employee" : "Merrilee Jurek"
	},
	{
		"first_name" : "Catha",
		"last_name" : "Baline",
		"age" : 47,
		"appointed_employee" : "Griff Rylstone"
	},
	{
		"first_name" : "Carie",
		"last_name" : "Baseggio",
		"age" : 26,
		"appointed_employee" : "Griff Rylstone"
	},
	{
		"first_name" : "Emelita",
		"last_name" : "Kesper",
		"age" : 60,
		"appointed_employee" : "Jami Killimister"
	},
	{
		"first_name" : "Yolanda",
		"last_name" : "Gerred",
		"age" : 31,
		"appointed_employee" : "Jami Killimister"
	},
	{
		"first_name" : "Deane",
		"last_name" : "Rosling",
		"age" : 45,
		"appointed_employee" : "Jami Killimister"
	},
	{
		"first_name" : "Baxy",
		"last_name" : "David",
		"age" : 41,
		"appointed_employee" : "Trula Glasscott"
	},
	{
		"first_name" : "Rahel",
		"last_name" : "Tinham",
		"age" : 30,
		"appointed_employee" : "Trula Glasscott"
	},
	{
		"first_name" : "Ody",
		"last_name" : "Tottman",
		"age" : 35,
		"appointed_employee" : "Trula Glasscott"
	},
	{
		"first_name" : "Zaccaria",
		"last_name" : "Duffet",
		"age" : 25,
		"appointed_employee" : "Trula Glasscott"
	},
	{
		"first_name" : "Walliw",
		"last_name" : "Lemon",
		"age" : 33,
		"appointed_employee" : "Trula Glasscott"
	},
	{
		"first_name" : "Silvana",
		"last_name" : "McKinlay",
		"age" : 37,
		"appointed_employee" : "Trula Glasscott"
	},
	{
		"first_name" : "Charmaine",
		"last_name" : "Hourihane",
		"age" : 26,
		"appointed_employee" : "Trula Glasscott"
	},
	{
		"first_name" : "Diann",
		"last_name" : "Gorusso",
		"age" : 22,
		"appointed_employee" : "Trula Glasscott"
	},
	{
		"first_name" : "Barth",
		"last_name" : "Metcalfe",
		"age" : 35,
		"appointed_employee" : "Trula Glasscott"
	},
	{
		"first_name" : "Meir",
		"last_name" : "Begg",
		"age" : 32,
		"appointed_employee" : "Trula Glasscott"
	},
	{
		"first_name" : "Ellen",
		"last_name" : "Alessandretti",
		"age" : 37,
		"appointed_employee" : "Trula Glasscott"
	},
	{
		"first_name" : "Brnaby",
		"last_name" : "Barnsley",
		"age" : 41,
		"appointed_employee" : "Trula Glasscott"
	},
	{
		"first_name" : "Rosana",
		"last_name" : "Raspel",
		"age" : 46,
		"appointed_employee" : "Trula Glasscott"
	},
	{
		"first_name" : "Polly",
		"last_name" : "Wilprecht",
		"age" : 29,
		"appointed_employee" : "Trula Glasscott"
	},
	{
		"first_name" : "Rahel",
		"last_name" : "Tinham",
		"age" : 30,
		"appointed_employee" : "Hana Brigdale"
	},
	{
		"first_name" : "Bettye",
		"last_name" : "Treagus",
		"age" : 50,
		"appointed_employee" : "Hana Brigdale"
	},
	{
		"first_name" : "Annabal",
		"last_name" : "Aizikovitz",
		"age" : 42,
		"appointed_employee" : "Hana Brigdale"
	},
	{
		"first_name" : "Chrystel",
		"last_name" : "Albion",
		"age" : 29,
		"appointed_employee" : "Hana Brigdale"
	},
	{
		"first_name" : "Joella",
		"last_name" : "Mackieson",
		"age" : 43,
		"appointed_employee" : "Hana Brigdale"
	},
	{
		"first_name" : "Delbert",
		"last_name" : "Stooke",
		"age" : 49,
		"appointed_employee" : "Hana Brigdale"
	},
	{
		"first_name" : "Creighton",
		"last_name" : "Minette",
		"age" : 59,
		"appointed_employee" : "Hana Brigdale"
	},
	{
		"first_name" : "Prue",
		"last_name" : "Whistlecraft",
		"age" : 36,
		"appointed_employee" : "Hana Brigdale"
	},
	{
		"first_name" : "Carlee",
		"last_name" : "Haskur",
		"age" : 50,
		"appointed_employee" : "Hana Brigdale"
	},
	{
		"first_name" : "Austin",
		"last_name" : "Burwell",
		"age" : 22,
		"appointed_employee" : "Hana Brigdale"
	},
	{
		"first_name" : "Baxy",
		"last_name" : "David",
		"age" : 41,
		"appointed_employee" : "Belva Leitch"
	},
	{
		"first_name" : "Cari",
		"last_name" : "Hillburn",
		"age" : 18,
		"appointed_employee" : "Belva Leitch"
	},
	{
		"first_name" : "Jori",
		"last_name" : "Fraczak",
		"age" : 41,
		"appointed_employee" : "Belva Leitch"
	},
	{
		"first_name" : "Tim",
		"last_name" : "Enric",
		"age" : 43,
		"appointed_employee" : "Belva Leitch"
	},
	{
		"first_name" : "Clerc",
		"last_name" : "McGannon",
		"age" : 18,
		"appointed_employee" : "Belva Leitch"
	},
	{
		"first_name" : "Lynett",
		"last_name" : "Twigley",
		"age" : 60,
		"appointed_employee" : "Belva Leitch"
	},
	{
		"first_name" : "Isabel",
		"last_name" : "Woof",
		"age" : 41,
		"appointed_employee" : "Jania MacKilroe"
	},
	{
		"first_name" : "Lynette",
		"last_name" : "Suffield",
		"age" : 37,
		"appointed_employee" : "Jania MacKilroe"
	},
	{
		"first_name" : "Fallon",
		"last_name" : "Tidbold",
		"age" : 51,
		"appointed_employee" : "Jania MacKilroe"
	},
	{
		"first_name" : "Delbert",
		"last_name" : "Stooke",
		"age" : 49,
		"appointed_employee" : "Jania MacKilroe"
	},
	{
		"first_name" : "Gillian",
		"last_name" : "Theunissen",
		"age" : 39,
		"appointed_employee" : "Jania MacKilroe"
	},
	{
		"first_name" : "Zak",
		"last_name" : "Loveman",
		"age" : 18,
		"appointed_employee" : "Hersch Sheerman"
	},
	{
		"first_name" : "Odelinda",
		"last_name" : "Gowan",
		"age" : 57,
		"appointed_employee" : "Hersch Sheerman"
	},
	{
		"first_name" : "Erin",
		"last_name" : "Cullingworth",
		"age" : 47,
		"appointed_employee" : "Benoite Lowdeane"
	},
	{
		"first_name" : "Fanchon",
		"last_name" : "Lias",
		"age" : 56,
		"appointed_employee" : "Benoite Lowdeane"
	},
	{
		"first_name" : "Felic",
		"last_name" : "Caulwell",
		"age" : 34,
		"appointed_employee" : "Benoite Lowdeane"
	},
	{
		"first_name" : "Aili",
		"last_name" : "Sculpher",
		"age" : 35,
		"appointed_employee" : "Benoite Lowdeane"
	},
	{
		"first_name" : "Gwenni",
		"last_name" : "Chippindale",
		"age" : 18,
		"appointed_employee" : "Elbert Winning"
	},
	{
		"first_name" : "Sharline",
		"last_name" : "Alenikov",
		"age" : 44,
		"appointed_employee" : "Elbert Winning"
	},
	{
		"first_name" : "Austin",
		"last_name" : "Loads",
		"age" : 35,
		"appointed_employee" : "Nikki Nendick"
	},
	{
		"first_name" : "Bryna",
		"last_name" : "Lissandre",
		"age" : 40,
		"appointed_employee" : "Nikki Nendick"
	},
	{
		"first_name" : "Pansie",
		"last_name" : "Reeders",
		"age" : 25,
		"appointed_employee" : "Nikki Nendick"
	},
	{
		"first_name" : "Chrystel",
		"last_name" : "Albion",
		"age" : 29,
		"appointed_employee" : "Erin Calder"
	},
	{
		"first_name" : "Rafaellle",
		"last_name" : "Lewzey",
		"age" : 47,
		"appointed_employee" : "Erin Calder"
	},
	{
		"first_name" : "Prue",
		"last_name" : "Whistlecraft",
		"age" : 36,
		"appointed_employee" : "Erin Calder"
	},
	{
		"first_name" : "Debor",
		"last_name" : "Fillery",
		"age" : 24,
		"appointed_employee" : "Eolande Dach"
	},
	{
		"first_name" : "Rosana",
		"last_name" : "Raspel",
		"age" : 46,
		"appointed_employee" : "Eolande Dach"
	},
	{
		"first_name" : "Ariel",
		"last_name" : "Wadlow",
		"age" : 21,
		"appointed_employee" : "Edyth Pigden"
	},
	{
		"first_name" : "Rik",
		"last_name" : "Tash",
		"age" : 55,
		"appointed_employee" : "Edyth Pigden"
	},
	{
		"first_name" : "Shandie",
		"last_name" : "Ox",
		"age" : 26,
		"appointed_employee" : "Edyth Pigden"
	},
	{
		"first_name" : "Barbie",
		"last_name" : "Anderer",
		"age" : 44,
		"appointed_employee" : "Gerhard Zavattieri"
	},
	{
		"first_name" : "Zea",
		"last_name" : "Weblin",
		"age" : 42,
		"appointed_employee" : "Philip Tissell"
	},
	{
		"first_name" : "Poppy",
		"last_name" : "Drewett",
		"age" : 20,
		"appointed_employee" : "Philip Tissell"
	},
	{
		"first_name" : "Calida",
		"last_name" : "Heinsius",
		"age" : 29,
		"appointed_employee" : "Philip Tissell"
	},
	{
		"first_name" : "Wenda",
		"last_name" : "Meijer",
		"age" : 46,
		"appointed_employee" : "Philip Tissell"
	},
	{
		"first_name" : "Stephani",
		"last_name" : "Marsden",
		"age" : 58,
		"appointed_employee" : "Philip Tissell"
	},
	{
		"first_name" : "Farlie",
		"last_name" : "Whaley",
		"age" : 25,
		"appointed_employee" : "Idaline McKew"
	},
	{
		"first_name" : "Romain",
		"last_name" : "Aloigi",
		"age" : 58,
		"appointed_employee" : "Idaline McKew"
	},
	{
		"first_name" : "Noni",
		"last_name" : "Baford",
		"age" : 22,
		"appointed_employee" : "Idaline McKew"
	},
	{
		"first_name" : "Gwynne",
		"last_name" : "Nast",
		"age" : 19,
		"appointed_employee" : "Idaline McKew"
	},
	{
		"first_name" : "Saraann",
		"last_name" : "McVity",
		"age" : 33,
		"appointed_employee" : "Idaline McKew"
	},
	{
		"first_name" : "Parsifal",
		"last_name" : "Varey",
		"age" : 30,
		"appointed_employee" : "Lisbeth Skett"
	},
	{
		"first_name" : "Daniel",
		"last_name" : "Tuminini",
		"age" : 20,
		"appointed_employee" : "Lisbeth Skett"
	},
	{
		"first_name" : "Gerhardine",
		"last_name" : "Yaus",
		"age" : 26,
		"appointed_employee" : "Lisbeth Skett"
	},
	{
		"first_name" : "Yolanda",
		"last_name" : "Gerred",
		"age" : 31,
		"appointed_employee" : "Lisbeth Skett"
	},
	{
		"first_name" : "Juditha",
		"last_name" : "Phlipon",
		"age" : 50,
		"appointed_employee" : "Lisbeth Skett"
	},
	{
		"first_name" : "Ettore",
		"last_name" : "Faux",
		"age" : 57,
		"appointed_employee" : "Lisbeth Skett"
	},
	{
		"first_name" : "Gwynne",
		"last_name" : "Nast",
		"age" : 19,
		"appointed_employee" : "Lisbeth Skett"
	},
	{
		"first_name" : "Clerc",
		"last_name" : "McGannon",
		"age" : 18,
		"appointed_employee" : "Lisbeth Skett"
	},
	{
		"first_name" : "Aeriela",
		"last_name" : "Tather",
		"age" : 55,
		"appointed_employee" : "Lisbeth Skett"
	},
	{
		"first_name" : "Cindi",
		"last_name" : "Blanc",
		"age" : 33,
		"appointed_employee" : "Georgette Kinver"
	},
	{
		"first_name" : "Mariele",
		"last_name" : "Chimienti",
		"age" : 35,
		"appointed_employee" : "Georgette Kinver"
	},
	{
		"first_name" : "Valencia",
		"last_name" : "Desborough",
		"age" : 47,
		"appointed_employee" : "Georgette Kinver"
	},
	{
		"first_name" : "Daniel",
		"last_name" : "Tuminini",
		"age" : 20,
		"appointed_employee" : "Georgette Kinver"
	},
	{
		"first_name" : "Karlens",
		"last_name" : "Algeo",
		"age" : 22,
		"appointed_employee" : "Georgette Kinver"
	},
	{
		"first_name" : "Barbie",
		"last_name" : "Anderer",
		"age" : 44,
		"appointed_employee" : "Georgette Kinver"
	},
	{
		"first_name" : "Poppy",
		"last_name" : "Drewett",
		"age" : 20,
		"appointed_employee" : "Amara Bauckham"
	},
	{
		"first_name" : "Merrile",
		"last_name" : "Agnew",
		"age" : 53,
		"appointed_employee" : "Amara Bauckham"
	},
	{
		"first_name" : "Tommy",
		"last_name" : "McKane",
		"age" : 46,
		"appointed_employee" : "Amara Bauckham"
	},
	{
		"first_name" : "Creighton",
		"last_name" : "Minette",
		"age" : 59,
		"appointed_employee" : "Amara Bauckham"
	},
	{
		"first_name" : "Saraann",
		"last_name" : "McVity",
		"age" : 33,
		"appointed_employee" : "Amara Bauckham"
	},
	{
		"first_name" : "Austin",
		"last_name" : "Loads",
		"age" : 35,
		"appointed_employee" : "Fiann Grane"
	},
	{
		"first_name" : "Ky",
		"last_name" : "Hardwich",
		"age" : 49,
		"appointed_employee" : "Fiann Grane"
	},
	{
		"first_name" : "Staford",
		"last_name" : "Lougheed",
		"age" : 49,
		"appointed_employee" : "Fiann Grane"
	},
	{
		"first_name" : "Cindi",
		"last_name" : "Blanc",
		"age" : 33,
		"appointed_employee" : "Roi Bresson"
	},
	{
		"first_name" : "Amy",
		"last_name" : "Althorp",
		"age" : 58,
		"appointed_employee" : "Roi Bresson"
	},
	{
		"first_name" : "Lynett",
		"last_name" : "Twigley",
		"age" : 60,
		"appointed_employee" : "Roi Bresson"
	},
	{
		"first_name" : "Meara",
		"last_name" : "Stolli",
		"age" : 36,
		"appointed_employee" : "Donald Tripkin"
	},
	{
		"first_name" : "Neille",
		"last_name" : "Girogetti",
		"age" : 43,
		"appointed_employee" : "Donald Tripkin"
	},
	{
		"first_name" : "Rad",
		"last_name" : "Baynton",
		"age" : 24,
		"appointed_employee" : "Donald Tripkin"
	},
	{
		"first_name" : "Odelinda",
		"last_name" : "Gowan",
		"age" : 57,
		"appointed_employee" : "Donald Tripkin"
	},
	{
		"first_name" : "Lynett",
		"last_name" : "Twigley",
		"age" : 60,
		"appointed_employee" : "Donald Tripkin"
	},
	{
		"first_name" : "Austin",
		"last_name" : "Burwell",
		"age" : 22,
		"appointed_employee" : "Donald Tripkin"
	},
	{
		"first_name" : "Maia",
		"last_name" : "Pilbeam",
		"age" : 40,
		"appointed_employee" : "Lilllie Martusewicz"
	},
	{
		"first_name" : "Austin",
		"last_name" : "Loads",
		"age" : 35,
		"appointed_employee" : "Lilllie Martusewicz"
	},
	{
		"first_name" : "Gussy",
		"last_name" : "Munnion",
		"age" : 58,
		"appointed_employee" : "Lilllie Martusewicz"
	},
	{
		"first_name" : "Noni",
		"last_name" : "Baford",
		"age" : 22,
		"appointed_employee" : "Lilllie Martusewicz"
	},
	{
		"first_name" : "Erek",
		"last_name" : "Flatte",
		"age" : 32,
		"appointed_employee" : "Lilllie Martusewicz"
	},
	{
		"first_name" : "Roselia",
		"last_name" : "Newall",
		"age" : 53,
		"appointed_employee" : "Lilllie Martusewicz"
	},
	{
		"first_name" : "Prue",
		"last_name" : "Whistlecraft",
		"age" : 36,
		"appointed_employee" : "Lilllie Martusewicz"
	},
	{
		"first_name" : "Courtenay",
		"last_name" : "Tuminelli",
		"age" : 42,
		"appointed_employee" : "Lilllie Martusewicz"
	},
	{
		"first_name" : "Cindi",
		"last_name" : "Blanc",
		"age" : 33,
		"appointed_employee" : "Mitchel Bertin"
	},
	{
		"first_name" : "Diann",
		"last_name" : "Gorusso",
		"age" : 22,
		"appointed_employee" : "Mitchel Bertin"
	},
	{
		"first_name" : "Carolyne",
		"last_name" : "Dufore",
		"age" : 50,
		"appointed_employee" : "Mitchel Bertin"
	},
	{
		"first_name" : "Poppy",
		"last_name" : "Drewett",
		"age" : 20,
		"appointed_employee" : "Mitchel Bertin"
	},
	{
		"first_name" : "Barbie",
		"last_name" : "Anderer",
		"age" : 44,
		"appointed_employee" : "Mitchel Bertin"
	},
	{
		"first_name" : "Willie",
		"last_name" : "Ollett",
		"age" : 53,
		"appointed_employee" : "Irma Dunsmore"
	},
	{
		"first_name" : "Adorne",
		"last_name" : "Bewly",
		"age" : 40,
		"appointed_employee" : "Irma Dunsmore"
	},
	{
		"first_name" : "Marti",
		"last_name" : "Franek",
		"age" : 33,
		"appointed_employee" : "Irma Dunsmore"
	},
	{
		"first_name" : "Delbert",
		"last_name" : "Stooke",
		"age" : 49,
		"appointed_employee" : "Irma Dunsmore"
	},
	{
		"first_name" : "Barbie",
		"last_name" : "Anderer",
		"age" : 44,
		"appointed_employee" : "Irma Dunsmore"
	},
	{
		"first_name" : "Misha",
		"last_name" : "Bennet",
		"age" : 31,
		"appointed_employee" : "Robin Travers"
	},
	{
		"first_name" : "William",
		"last_name" : "Pedrocco",
		"age" : 54,
		"appointed_employee" : "Robin Travers"
	},
	{
		"first_name" : "Genovera",
		"last_name" : "Hylden",
		"age" : 24,
		"appointed_employee" : "Robin Travers"
	},
	{
		"first_name" : "Ignacio",
		"last_name" : "Hattersley",
		"age" : 28,
		"appointed_employee" : "Robin Travers"
	},
	{
		"first_name" : "Rafaellle",
		"last_name" : "Lewzey",
		"age" : 47,
		"appointed_employee" : "Robin Travers"
	},
	{
		"first_name" : "Pansie",
		"last_name" : "Reeders",
		"age" : 25,
		"appointed_employee" : "Robin Travers"
	},
	{
		"first_name" : "Polly",
		"last_name" : "Wilprecht",
		"age" : 29,
		"appointed_employee" : "Robin Travers"
	},
	{
		"first_name" : "Charline",
		"last_name" : "Malin",
		"age" : 48,
		"appointed_employee" : "Elnar Laingmaid"
	},
	{
		"first_name" : "Walliw",
		"last_name" : "Lemon",
		"age" : 33,
		"appointed_employee" : "Elnar Laingmaid"
	},
	{
		"first_name" : "Lon",
		"last_name" : "Ismirnioglou",
		"age" : 55,
		"appointed_employee" : "Elnar Laingmaid"
	},
	{
		"first_name" : "Rafaellle",
		"last_name" : "Lewzey",
		"age" : 47,
		"appointed_employee" : "Elnar Laingmaid"
	},
	{
		"first_name" : "Shandie",
		"last_name" : "Ox",
		"age" : 26,
		"appointed_employee" : "Elnar Laingmaid"
	},
	{
		"first_name" : "Rosana",
		"last_name" : "Raspel",
		"age" : 46,
		"appointed_employee" : "Elnar Laingmaid"
	},
	{
		"first_name" : "Mariele",
		"last_name" : "Chimienti",
		"age" : 35,
		"appointed_employee" : "Danna Piddington"
	},
	{
		"first_name" : "Reinaldos",
		"last_name" : "Pirnie",
		"age" : 57,
		"appointed_employee" : "Danna Piddington"
	},
	{
		"first_name" : "Parsifal",
		"last_name" : "Varey",
		"age" : 30,
		"appointed_employee" : "Danna Piddington"
	},
	{
		"first_name" : "Gussy",
		"last_name" : "Munnion",
		"age" : 58,
		"appointed_employee" : "Danna Piddington"
	},
	{
		"first_name" : "Agathe",
		"last_name" : "Basnett",
		"age" : 23,
		"appointed_employee" : "Danna Piddington"
	},
	{
		"first_name" : "Catha",
		"last_name" : "Baline",
		"age" : 47,
		"appointed_employee" : "Danna Piddington"
	},
	{
		"first_name" : "Casandra",
		"last_name" : "Barwis",
		"age" : 33,
		"appointed_employee" : "Danna Piddington"
	},
	{
		"first_name" : "Aubrey",
		"last_name" : "Jelf",
		"age" : 55,
		"appointed_employee" : "Danna Piddington"
	},
	{
		"first_name" : "Ambros",
		"last_name" : "Winslet",
		"age" : 29,
		"appointed_employee" : "Margi Jeske"
	},
	{
		"first_name" : "Zea",
		"last_name" : "Weblin",
		"age" : 42,
		"appointed_employee" : "Margi Jeske"
	},
	{
		"first_name" : "Charline",
		"last_name" : "Malin",
		"age" : 48,
		"appointed_employee" : "Margi Jeske"
	},
	{
		"first_name" : "Felic",
		"last_name" : "Caulwell",
		"age" : 34,
		"appointed_employee" : "Margi Jeske"
	},
	{
		"first_name" : "Charmaine",
		"last_name" : "Hourihane",
		"age" : 26,
		"appointed_employee" : "Margi Jeske"
	},
	{
		"first_name" : "Dedie",
		"last_name" : "Stonuary",
		"age" : 20,
		"appointed_employee" : "Margi Jeske"
	},
	{
		"first_name" : "Roselia",
		"last_name" : "Newall",
		"age" : 53,
		"appointed_employee" : "Margi Jeske"
	},
	{
		"first_name" : "Gwynne",
		"last_name" : "Nast",
		"age" : 19,
		"appointed_employee" : "Forest Henmarsh"
	},
	{
		"first_name" : "Elihu",
		"last_name" : "Goney",
		"age" : 28,
		"appointed_employee" : "Forest Henmarsh"
	},
	{
		"first_name" : "Fawnia",
		"last_name" : "Teulier",
		"age" : 45,
		"appointed_employee" : "Forest Henmarsh"
	},
	{
		"first_name" : "Saraann",
		"last_name" : "McVity",
		"age" : 33,
		"appointed_employee" : "Forest Henmarsh"
	},
	{
		"first_name" : "Hilario",
		"last_name" : "Willman",
		"age" : 55,
		"appointed_employee" : "Christy Eles"
	},
	{
		"first_name" : "Rahel",
		"last_name" : "Tinham",
		"age" : 30,
		"appointed_employee" : "Christy Eles"
	},
	{
		"first_name" : "Zea",
		"last_name" : "Weblin",
		"age" : 42,
		"appointed_employee" : "Christy Eles"
	},
	{
		"first_name" : "Kacy",
		"last_name" : "Frude",
		"age" : 40,
		"appointed_employee" : "Christy Eles"
	},
	{
		"first_name" : "Barth",
		"last_name" : "Metcalfe",
		"age" : 35,
		"appointed_employee" : "Christy Eles"
	},
	{
		"first_name" : "Zia",
		"last_name" : "Ivimey",
		"age" : 49,
		"appointed_employee" : "Christy Eles"
	},
	{
		"first_name" : "Neale",
		"last_name" : "Bach",
		"age" : 39,
		"appointed_employee" : "Christy Eles"
	},
	{
		"first_name" : "Lynett",
		"last_name" : "Twigley",
		"age" : 60,
		"appointed_employee" : "Christy Eles"
	},
	{
		"first_name" : "Rahel",
		"last_name" : "Tinham",
		"age" : 30,
		"appointed_employee" : "Lauralee Hembry"
	},
	{
		"first_name" : "Meir",
		"last_name" : "Begg",
		"age" : 32,
		"appointed_employee" : "Lauralee Hembry"
	},
	{
		"first_name" : "Deane",
		"last_name" : "Rosling",
		"age" : 45,
		"appointed_employee" : "Lauralee Hembry"
	},
	{
		"first_name" : "Ky",
		"last_name" : "Hardwich",
		"age" : 49,
		"appointed_employee" : "Lauralee Hembry"
	},
	{
		"first_name" : "Rafaellle",
		"last_name" : "Lewzey",
		"age" : 47,
		"appointed_employee" : "Lauralee Hembry"
	},
	{
		"first_name" : "Kacy",
		"last_name" : "Frude",
		"age" : 40,
		"appointed_employee" : "Richie Tawse"
	},
	{
		"first_name" : "Tabor",
		"last_name" : "Bowler",
		"age" : 21,
		"appointed_employee" : "Richie Tawse"
	},
	{
		"first_name" : "Cari",
		"last_name" : "Hillburn",
		"age" : 18,
		"appointed_employee" : "Richie Tawse"
	},
	{
		"first_name" : "Marabel",
		"last_name" : "Loyndon",
		"age" : 54,
		"appointed_employee" : "Richie Tawse"
	},
	{
		"first_name" : "Austin",
		"last_name" : "Burwell",
		"age" : 22,
		"appointed_employee" : "Richie Tawse"
	},
	{
		"first_name" : "Cindi",
		"last_name" : "Blanc",
		"age" : 33,
		"appointed_employee" : "Flora Kelmere"
	},
	{
		"first_name" : "Fanchon",
		"last_name" : "Lias",
		"age" : 56,
		"appointed_employee" : "Flora Kelmere"
	},
	{
		"first_name" : "Risa",
		"last_name" : "Probbin",
		"age" : 37,
		"appointed_employee" : "Flora Kelmere"
	},
	{
		"first_name" : "Shandie",
		"last_name" : "Ox",
		"age" : 26,
		"appointed_employee" : "Flora Kelmere"
	},
	{
		"first_name" : "Karoly",
		"last_name" : "Crab",
		"age" : 39,
		"appointed_employee" : "Flora Kelmere"
	},
	{
		"first_name" : "Kristyn",
		"last_name" : "Alsobrook",
		"age" : 18,
		"appointed_employee" : "Flora Kelmere"
	},
	{
		"first_name" : "Elwyn",
		"last_name" : "Marler",
		"age" : 31,
		"appointed_employee" : "Hunter Oseland"
	},
	{
		"first_name" : "Daniel",
		"last_name" : "Tuminini",
		"age" : 20,
		"appointed_employee" : "Hunter Oseland"
	},
	{
		"first_name" : "Lynette",
		"last_name" : "Suffield",
		"age" : 37,
		"appointed_employee" : "Hunter Oseland"
	},
	{
		"first_name" : "Neille",
		"last_name" : "Girogetti",
		"age" : 43,
		"appointed_employee" : "Hunter Oseland"
	},
	{
		"first_name" : "Odille",
		"last_name" : "Jays",
		"age" : 20,
		"appointed_employee" : "Hunter Oseland"
	},
	{
		"first_name" : "Aurelie",
		"last_name" : "Asson",
		"age" : 32,
		"appointed_employee" : "Hunter Oseland"
	},
	{
		"first_name" : "Aindrea",
		"last_name" : "Johnikin",
		"age" : 46,
		"appointed_employee" : "Hunter Oseland"
	},
	{
		"first_name" : "Letti",
		"last_name" : "Swindon",
		"age" : 41,
		"appointed_employee" : "Hunter Oseland"
	},
	{
		"first_name" : "Jenny",
		"last_name" : "Merton",
		"age" : 51,
		"appointed_employee" : "Hunter Oseland"
	},
	{
		"first_name" : "Saraann",
		"last_name" : "McVity",
		"age" : 33,
		"appointed_employee" : "Hunter Oseland"
	},
	{
		"first_name" : "Norma",
		"last_name" : "Brickett",
		"age" : 47,
		"appointed_employee" : "Adam Karoly"
	},
	{
		"first_name" : "Abbe",
		"last_name" : "Wynett",
		"age" : 37,
		"appointed_employee" : "Adam Karoly"
	},
	{
		"first_name" : "Aubrey",
		"last_name" : "Jelf",
		"age" : 55,
		"appointed_employee" : "Adam Karoly"
	},
	{
		"first_name" : "Rosana",
		"last_name" : "Raspel",
		"age" : 46,
		"appointed_employee" : "Adam Karoly"
	},
	{
		"first_name" : "Linzy",
		"last_name" : "Cleal",
		"age" : 44,
		"appointed_employee" : "Blondy Tulloch"
	},
	{
		"first_name" : "Neille",
		"last_name" : "Girogetti",
		"age" : 43,
		"appointed_employee" : "Blondy Tulloch"
	},
	{
		"first_name" : "Augusto",
		"last_name" : "MacMechan",
		"age" : 44,
		"appointed_employee" : "Blondy Tulloch"
	},
	{
		"first_name" : "Abey",
		"last_name" : "Vescovo",
		"age" : 28,
		"appointed_employee" : "Blondy Tulloch"
	},
	{
		"first_name" : "Lynett",
		"last_name" : "Twigley",
		"age" : 60,
		"appointed_employee" : "Blondy Tulloch"
	},
	{
		"first_name" : "Elsinore",
		"last_name" : "Whithorn",
		"age" : 23,
		"appointed_employee" : "Ingrim Trice"
	},
	{
		"first_name" : "Hilario",
		"last_name" : "Willman",
		"age" : 55,
		"appointed_employee" : "Valeria Mussared"
	},
	{
		"first_name" : "Cilka",
		"last_name" : "Hallum",
		"age" : 33,
		"appointed_employee" : "Valeria Mussared"
	},
	{
		"first_name" : "Rafaellle",
		"last_name" : "Lewzey",
		"age" : 47,
		"appointed_employee" : "Valeria Mussared"
	},
	{
		"first_name" : "Kacy",
		"last_name" : "Frude",
		"age" : 40,
		"appointed_employee" : "Clarine Grzeszczak"
	},
	{
		"first_name" : "Bettye",
		"last_name" : "Treagus",
		"age" : 50,
		"appointed_employee" : "Clarine Grzeszczak"
	},
	{
		"first_name" : "Babs",
		"last_name" : "Moreing",
		"age" : 41,
		"appointed_employee" : "Clarine Grzeszczak"
	},
	{
		"first_name" : "Chrystel",
		"last_name" : "Albion",
		"age" : 29,
		"appointed_employee" : "Clarine Grzeszczak"
	},
	{
		"first_name" : "Hunter",
		"last_name" : "Wesgate",
		"age" : 33,
		"appointed_employee" : "Tomi Richens"
	},
	{
		"first_name" : "Austin",
		"last_name" : "Loads",
		"age" : 35,
		"appointed_employee" : "Tomi Richens"
	},
	{
		"first_name" : "Dorisa",
		"last_name" : "Thornbarrow",
		"age" : 29,
		"appointed_employee" : "Tomi Richens"
	},
	{
		"first_name" : "Catha",
		"last_name" : "Baline",
		"age" : 47,
		"appointed_employee" : "Tomi Richens"
	},
	{
		"first_name" : "Delbert",
		"last_name" : "Stooke",
		"age" : 49,
		"appointed_employee" : "Bastien Lowre"
	},
	{
		"first_name" : "Zea",
		"last_name" : "Weblin",
		"age" : 42,
		"appointed_employee" : "Basia Cullinan"
	},
	{
		"first_name" : "Sukey",
		"last_name" : "Tinsley",
		"age" : 21,
		"appointed_employee" : "Basia Cullinan"
	},
	{
		"first_name" : "Charline",
		"last_name" : "Malin",
		"age" : 48,
		"appointed_employee" : "Basia Cullinan"
	},
	{
		"first_name" : "Meir",
		"last_name" : "Begg",
		"age" : 32,
		"appointed_employee" : "Basia Cullinan"
	},
	{
		"first_name" : "Deane",
		"last_name" : "Rosling",
		"age" : 45,
		"appointed_employee" : "Basia Cullinan"
	},
	{
		"first_name" : "Genovera",
		"last_name" : "Hylden",
		"age" : 24,
		"appointed_employee" : "Cyrillus Godbold"
	},
	{
		"first_name" : "Jayme",
		"last_name" : "Reeson",
		"age" : 50,
		"appointed_employee" : "Cyrillus Godbold"
	},
	{
		"first_name" : "Aurelie",
		"last_name" : "Asson",
		"age" : 32,
		"appointed_employee" : "Cyrillus Godbold"
	},
	{
		"first_name" : "Karlens",
		"last_name" : "Algeo",
		"age" : 22,
		"appointed_employee" : "Cyrillus Godbold"
	},
	{
		"first_name" : "Karoly",
		"last_name" : "Ickowics",
		"age" : 54,
		"appointed_employee" : "Cyrillus Godbold"
	},
	{
		"first_name" : "Sharline",
		"last_name" : "Alenikov",
		"age" : 44,
		"appointed_employee" : "Cyrillus Godbold"
	},
	{
		"first_name" : "Shandie",
		"last_name" : "Ox",
		"age" : 26,
		"appointed_employee" : "Cyrillus Godbold"
	},
	{
		"first_name" : "Aeriela",
		"last_name" : "Tather",
		"age" : 55,
		"appointed_employee" : "Cyrillus Godbold"
	},
	{
		"first_name" : "Debor",
		"last_name" : "Fillery",
		"age" : 24,
		"appointed_employee" : "Lu Godspeede"
	},
	{
		"first_name" : "Zaccaria",
		"last_name" : "Duffet",
		"age" : 25,
		"appointed_employee" : "Lu Godspeede"
	},
	{
		"first_name" : "Rafaellle",
		"last_name" : "Lewzey",
		"age" : 47,
		"appointed_employee" : "Lu Godspeede"
	},
	{
		"first_name" : "Babs",
		"last_name" : "Moreing",
		"age" : 41,
		"appointed_employee" : "Mark Boylan"
	},
	{
		"first_name" : "Calida",
		"last_name" : "Heinsius",
		"age" : 29,
		"appointed_employee" : "Mark Boylan"
	},
	{
		"first_name" : "Tommy",
		"last_name" : "McKane",
		"age" : 46,
		"appointed_employee" : "Mark Boylan"
	},
	{
		"first_name" : "Hildagard",
		"last_name" : "Waite",
		"age" : 26,
		"appointed_employee" : "Freeman Hughson"
	},
	{
		"first_name" : "Poppy",
		"last_name" : "Drewett",
		"age" : 20,
		"appointed_employee" : "Freeman Hughson"
	},
	{
		"first_name" : "Jourdan",
		"last_name" : "Otter",
		"age" : 41,
		"appointed_employee" : "Freeman Hughson"
	},
	{
		"first_name" : "Augusto",
		"last_name" : "MacMechan",
		"age" : 44,
		"appointed_employee" : "Freeman Hughson"
	},
	{
		"first_name" : "Courtenay",
		"last_name" : "Tuminelli",
		"age" : 42,
		"appointed_employee" : "Freeman Hughson"
	},
	{
		"first_name" : "Erik",
		"last_name" : "Phidgin",
		"age" : 38,
		"appointed_employee" : "Bidget Frounks"
	},
	{
		"first_name" : "Jobina",
		"last_name" : "Tessington",
		"age" : 38,
		"appointed_employee" : "Bidget Frounks"
	},
	{
		"first_name" : "Isabel",
		"last_name" : "Woof",
		"age" : 41,
		"appointed_employee" : "Bidget Frounks"
	},
	{
		"first_name" : "Charmaine",
		"last_name" : "Hourihane",
		"age" : 26,
		"appointed_employee" : "Bidget Frounks"
	},
	{
		"first_name" : "Genovera",
		"last_name" : "Hylden",
		"age" : 24,
		"appointed_employee" : "Bidget Frounks"
	},
	{
		"first_name" : "Wenda",
		"last_name" : "Meijer",
		"age" : 46,
		"appointed_employee" : "Bidget Frounks"
	},
	{
		"first_name" : "Lind",
		"last_name" : "Kernermann",
		"age" : 43,
		"appointed_employee" : "Bidget Frounks"
	},
	{
		"first_name" : "Brnaby",
		"last_name" : "Barnsley",
		"age" : 41,
		"appointed_employee" : "Bidget Frounks"
	},
	{
		"first_name" : "Jenny",
		"last_name" : "Merton",
		"age" : 51,
		"appointed_employee" : "Bidget Frounks"
	},
	{
		"first_name" : "Reidar",
		"last_name" : "Lusk",
		"age" : 60,
		"appointed_employee" : "Malissa Burridge"
	},
	{
		"first_name" : "Petronia",
		"last_name" : "Salmen",
		"age" : 25,
		"appointed_employee" : "Malissa Burridge"
	},
	{
		"first_name" : "Allegra",
		"last_name" : "Garwell",
		"age" : 20,
		"appointed_employee" : "Malissa Burridge"
	},
	{
		"first_name" : "Carlee",
		"last_name" : "Haskur",
		"age" : 50,
		"appointed_employee" : "Malissa Burridge"
	},
	{
		"first_name" : "Lynett",
		"last_name" : "Twigley",
		"age" : 60,
		"appointed_employee" : "Malissa Burridge"
	},
	{
		"first_name" : "Meara",
		"last_name" : "Stolli",
		"age" : 36,
		"appointed_employee" : "Rourke Caron"
	},
	{
		"first_name" : "Field",
		"last_name" : "Secrett",
		"age" : 39,
		"appointed_employee" : "Rourke Caron"
	},
	{
		"first_name" : "Lurette",
		"last_name" : "Elphinston",
		"age" : 47,
		"appointed_employee" : "Alec O'Donoghue"
	},
	{
		"first_name" : "Zaccaria",
		"last_name" : "Duffet",
		"age" : 25,
		"appointed_employee" : "Alec O'Donoghue"
	},
	{
		"first_name" : "Grete",
		"last_name" : "Gifford",
		"age" : 46,
		"appointed_employee" : "Alec O'Donoghue"
	},
	{
		"first_name" : "Reidar",
		"last_name" : "Lusk",
		"age" : 60,
		"appointed_employee" : "Alec O'Donoghue"
	},
	{
		"first_name" : "Ignacio",
		"last_name" : "Hattersley",
		"age" : 28,
		"appointed_employee" : "Alec O'Donoghue"
	},
	{
		"first_name" : "Elyn",
		"last_name" : "Grimditch",
		"age" : 20,
		"appointed_employee" : "Alec O'Donoghue"
	},
	{
		"first_name" : "Hilario",
		"last_name" : "Willman",
		"age" : 55,
		"appointed_employee" : "Pat Oliva"
	},
	{
		"first_name" : "Zea",
		"last_name" : "Weblin",
		"age" : 42,
		"appointed_employee" : "Pat Oliva"
	},
	{
		"first_name" : "Cilka",
		"last_name" : "Hallum",
		"age" : 33,
		"appointed_employee" : "Pat Oliva"
	},
	{
		"first_name" : "Aurelie",
		"last_name" : "Asson",
		"age" : 32,
		"appointed_employee" : "Pat Oliva"
	},
	{
		"first_name" : "Pennie",
		"last_name" : "Dorbin",
		"age" : 39,
		"appointed_employee" : "Pat Oliva"
	},
	{
		"first_name" : "Rori",
		"last_name" : "Gunthorp",
		"age" : 55,
		"appointed_employee" : "Pat Oliva"
	},
	{
		"first_name" : "Cindi",
		"last_name" : "Blanc",
		"age" : 33,
		"appointed_employee" : "Faunie Madgett"
	},
	{
		"first_name" : "Renato",
		"last_name" : "Lomond",
		"age" : 40,
		"appointed_employee" : "Faunie Madgett"
	},
	{
		"first_name" : "Sheffie",
		"last_name" : "Withrop",
		"age" : 60,
		"appointed_employee" : "Faunie Madgett"
	},
	{
		"first_name" : "Melli",
		"last_name" : "MacPeice",
		"age" : 50,
		"appointed_employee" : "Faunie Madgett"
	},
	{
		"first_name" : "Zak",
		"last_name" : "Loveman",
		"age" : 18,
		"appointed_employee" : "Bibby Girogetti"
	},
	{
		"first_name" : "Agathe",
		"last_name" : "Basnett",
		"age" : 23,
		"appointed_employee" : "Bibby Girogetti"
	},
	{
		"first_name" : "Magdaia",
		"last_name" : "Galway",
		"age" : 31,
		"appointed_employee" : "Bibby Girogetti"
	},
	{
		"first_name" : "Risa",
		"last_name" : "Probbin",
		"age" : 37,
		"appointed_employee" : "Bibby Girogetti"
	},
	{
		"first_name" : "Aindrea",
		"last_name" : "Johnikin",
		"age" : 46,
		"appointed_employee" : "Bibby Girogetti"
	},
	{
		"first_name" : "Luigi",
		"last_name" : "Schmuhl",
		"age" : 43,
		"appointed_employee" : "Bibby Girogetti"
	},
	{
		"first_name" : "Melli",
		"last_name" : "MacPeice",
		"age" : 50,
		"appointed_employee" : "Bibby Girogetti"
	},
	{
		"first_name" : "Harbert",
		"last_name" : "Bowen",
		"age" : 20,
		"appointed_employee" : "Asa Draisey"
	},
	{
		"first_name" : "Fallon",
		"last_name" : "Tidbold",
		"age" : 51,
		"appointed_employee" : "Winni Tomaello"
	},
	{
		"first_name" : "Gwenni",
		"last_name" : "Chippindale",
		"age" : 18,
		"appointed_employee" : "Winni Tomaello"
	},
	{
		"first_name" : "Gussy",
		"last_name" : "Munnion",
		"age" : 58,
		"appointed_employee" : "Saraann Lapping"
	},
	{
		"first_name" : "Alida",
		"last_name" : "Aronov",
		"age" : 26,
		"appointed_employee" : "Saraann Lapping"
	},
	{
		"first_name" : "Abey",
		"last_name" : "Vescovo",
		"age" : 28,
		"appointed_employee" : "Saraann Lapping"
	},
	{
		"first_name" : "Saraann",
		"last_name" : "McVity",
		"age" : 33,
		"appointed_employee" : "Saraann Lapping"
	},
	{
		"first_name" : "Maia",
		"last_name" : "Pilbeam",
		"age" : 40,
		"appointed_employee" : "Niles Snelling"
	},
	{
		"first_name" : "Jori",
		"last_name" : "Fraczak",
		"age" : 41,
		"appointed_employee" : "Niles Snelling"
	},
	{
		"first_name" : "Alida",
		"last_name" : "Aronov",
		"age" : 26,
		"appointed_employee" : "Niles Snelling"
	},
	{
		"first_name" : "Courtenay",
		"last_name" : "Tuminelli",
		"age" : 42,
		"appointed_employee" : "Niles Snelling"
	},
	{
		"first_name" : "Ariel",
		"last_name" : "Wadlow",
		"age" : 21,
		"appointed_employee" : "Corny Dripps"
	},
	{
		"first_name" : "Morna",
		"last_name" : "Liddle",
		"age" : 27,
		"appointed_employee" : "Corny Dripps"
	},
	{
		"first_name" : "Rik",
		"last_name" : "Tash",
		"age" : 55,
		"appointed_employee" : "Corny Dripps"
	},
	{
		"first_name" : "Amory",
		"last_name" : "Casella",
		"age" : 25,
		"appointed_employee" : "Corny Dripps"
	},
	{
		"first_name" : "Zia",
		"last_name" : "Ivimey",
		"age" : 49,
		"appointed_employee" : "Corny Dripps"
	},
	{
		"first_name" : "Zak",
		"last_name" : "Loveman",
		"age" : 18,
		"appointed_employee" : "Mada Carville"
	},
	{
		"first_name" : "Joella",
		"last_name" : "Mackieson",
		"age" : 43,
		"appointed_employee" : "Mada Carville"
	},
	{
		"first_name" : "Saraann",
		"last_name" : "McVity",
		"age" : 33,
		"appointed_employee" : "Mada Carville"
	},
	{
		"first_name" : "Meara",
		"last_name" : "Stolli",
		"age" : 36,
		"appointed_employee" : "Norma Margetts"
	},
	{
		"first_name" : "Jorge",
		"last_name" : "Summerill",
		"age" : 35,
		"appointed_employee" : "Norma Margetts"
	},
	{
		"first_name" : "Daniel",
		"last_name" : "Tuminini",
		"age" : 20,
		"appointed_employee" : "Norma Margetts"
	},
	{
		"first_name" : "Babs",
		"last_name" : "Moreing",
		"age" : 41,
		"appointed_employee" : "Norma Margetts"
	},
	{
		"first_name" : "Jourdan",
		"last_name" : "Otter",
		"age" : 41,
		"appointed_employee" : "Norma Margetts"
	},
	{
		"first_name" : "Calida",
		"last_name" : "Heinsius",
		"age" : 29,
		"appointed_employee" : "Norma Margetts"
	},
	{
		"first_name" : "Norma",
		"last_name" : "Brickett",
		"age" : 47,
		"appointed_employee" : "Norma Margetts"
	},
	{
		"first_name" : "Ryan",
		"last_name" : "Turfitt",
		"age" : 27,
		"appointed_employee" : "Norma Margetts"
	},
	{
		"first_name" : "Darcy",
		"last_name" : "Keefe",
		"age" : 31,
		"appointed_employee" : "Brana Ingree"
	},
	{
		"first_name" : "Ambros",
		"last_name" : "Winslet",
		"age" : 29,
		"appointed_employee" : "Brana Ingree"
	},
	{
		"first_name" : "Linzy",
		"last_name" : "Cleal",
		"age" : 44,
		"appointed_employee" : "Brana Ingree"
	},
	{
		"first_name" : "Bettye",
		"last_name" : "Treagus",
		"age" : 50,
		"appointed_employee" : "Brana Ingree"
	},
	{
		"first_name" : "Ennis",
		"last_name" : "Bettridge",
		"age" : 48,
		"appointed_employee" : "Brana Ingree"
	},
	{
		"first_name" : "Carie",
		"last_name" : "Baseggio",
		"age" : 26,
		"appointed_employee" : "Brana Ingree"
	},
	{
		"first_name" : "Alida",
		"last_name" : "Aronov",
		"age" : 26,
		"appointed_employee" : "Brana Ingree"
	},
	{
		"first_name" : "Melli",
		"last_name" : "MacPeice",
		"age" : 50,
		"appointed_employee" : "Brana Ingree"
	},
	{
		"first_name" : "Polly",
		"last_name" : "Wilprecht",
		"age" : 29,
		"appointed_employee" : "Brana Ingree"
	},
	{
		"first_name" : "Hannis",
		"last_name" : "Skippings",
		"age" : 52,
		"appointed_employee" : "Deonne Meechan"
	},
	{
		"first_name" : "Cindi",
		"last_name" : "Blanc",
		"age" : 33,
		"appointed_employee" : "Deonne Meechan"
	},
	{
		"first_name" : "Willie",
		"last_name" : "Ollett",
		"age" : 53,
		"appointed_employee" : "Deonne Meechan"
	},
	{
		"first_name" : "Chrissie",
		"last_name" : "Rugiero",
		"age" : 43,
		"appointed_employee" : "Deonne Meechan"
	},
	{
		"first_name" : "Allegra",
		"last_name" : "Garwell",
		"age" : 20,
		"appointed_employee" : "Deonne Meechan"
	},
	{
		"first_name" : "Valdemar",
		"last_name" : "McCawley",
		"age" : 24,
		"appointed_employee" : "Tammy Perago"
	},
	{
		"first_name" : "Karlens",
		"last_name" : "Algeo",
		"age" : 22,
		"appointed_employee" : "Tammy Perago"
	},
	{
		"first_name" : "Carie",
		"last_name" : "Baseggio",
		"age" : 26,
		"appointed_employee" : "Tammy Perago"
	},
	{
		"first_name" : "Risa",
		"last_name" : "Probbin",
		"age" : 37,
		"appointed_employee" : "Tammy Perago"
	},
	{
		"first_name" : "Kristyn",
		"last_name" : "Alsobrook",
		"age" : 18,
		"appointed_employee" : "Tammy Perago"
	},
	{
		"first_name" : "Austin",
		"last_name" : "Burwell",
		"age" : 22,
		"appointed_employee" : "Tammy Perago"
	},
	{
		"first_name" : "Hilario",
		"last_name" : "Willman",
		"age" : 55,
		"appointed_employee" : "Ania Crosbie"
	},
	{
		"first_name" : "Gib",
		"last_name" : "Supple",
		"age" : 46,
		"appointed_employee" : "Ania Crosbie"
	},
	{
		"first_name" : "Elyssa",
		"last_name" : "Keese",
		"age" : 38,
		"appointed_employee" : "Ania Crosbie"
	},
	{
		"first_name" : "Abbe",
		"last_name" : "Wynett",
		"age" : 37,
		"appointed_employee" : "Ania Crosbie"
	},
	{
		"first_name" : "Tabor",
		"last_name" : "Bowler",
		"age" : 21,
		"appointed_employee" : "Jordan Shingles"
	},
	{
		"first_name" : "William",
		"last_name" : "Pedrocco",
		"age" : 54,
		"appointed_employee" : "Jordan Shingles"
	},
	{
		"first_name" : "Sheffie",
		"last_name" : "Withrop",
		"age" : 60,
		"appointed_employee" : "Jordan Shingles"
	},
	{
		"first_name" : "Bord",
		"last_name" : "Tremoulet",
		"age" : 52,
		"appointed_employee" : "Jordan Shingles"
	},
	{
		"first_name" : "Amy",
		"last_name" : "Althorp",
		"age" : 58,
		"appointed_employee" : "Jordan Shingles"
	},
	{
		"first_name" : "Elyssa",
		"last_name" : "Keese",
		"age" : 38,
		"appointed_employee" : "Roderick Fridaye"
	},
	{
		"first_name" : "Amory",
		"last_name" : "Casella",
		"age" : 25,
		"appointed_employee" : "Roderick Fridaye"
	},
	{
		"first_name" : "Norma",
		"last_name" : "Brickett",
		"age" : 47,
		"appointed_employee" : "Roderick Fridaye"
	},
	{
		"first_name" : "Pennie",
		"last_name" : "Dorbin",
		"age" : 39,
		"appointed_employee" : "Roderick Fridaye"
	},
	{
		"first_name" : "Adorne",
		"last_name" : "Bewly",
		"age" : 40,
		"appointed_employee" : "Halli Gregoraci"
	},
	{
		"first_name" : "Lynette",
		"last_name" : "Suffield",
		"age" : 37,
		"appointed_employee" : "Halli Gregoraci"
	},
	{
		"first_name" : "Catha",
		"last_name" : "Baline",
		"age" : 47,
		"appointed_employee" : "Halli Gregoraci"
	},
	{
		"first_name" : "Norma",
		"last_name" : "Brickett",
		"age" : 47,
		"appointed_employee" : "Halli Gregoraci"
	},
	{
		"first_name" : "Clerc",
		"last_name" : "McGannon",
		"age" : 18,
		"appointed_employee" : "Halli Gregoraci"
	},
	{
		"first_name" : "Rorie",
		"last_name" : "Gallaway",
		"age" : 57,
		"appointed_employee" : "Halli Gregoraci"
	},
	{
		"first_name" : "Austin",
		"last_name" : "Burwell",
		"age" : 22,
		"appointed_employee" : "Halli Gregoraci"
	},
	{
		"first_name" : "Maia",
		"last_name" : "Pilbeam",
		"age" : 40,
		"appointed_employee" : "Kimberlyn Franzman"
	},
	{
		"first_name" : "Reinaldos",
		"last_name" : "Pirnie",
		"age" : 57,
		"appointed_employee" : "Kimberlyn Franzman"
	},
	{
		"first_name" : "Jorge",
		"last_name" : "Summerill",
		"age" : 35,
		"appointed_employee" : "Kimberlyn Franzman"
	},
	{
		"first_name" : "Magdaia",
		"last_name" : "Galway",
		"age" : 31,
		"appointed_employee" : "Kimberlyn Franzman"
	},
	{
		"first_name" : "Mariele",
		"last_name" : "Chimienti",
		"age" : 35,
		"appointed_employee" : "Travis Baynam"
	},
	{
		"first_name" : "Fanchon",
		"last_name" : "Lias",
		"age" : 56,
		"appointed_employee" : "Travis Baynam"
	},
	{
		"first_name" : "Daniel",
		"last_name" : "Tuminini",
		"age" : 20,
		"appointed_employee" : "Travis Baynam"
	},
	{
		"first_name" : "Zak",
		"last_name" : "Loveman",
		"age" : 18,
		"appointed_employee" : "Travis Baynam"
	},
	{
		"first_name" : "Babs",
		"last_name" : "Moreing",
		"age" : 41,
		"appointed_employee" : "Travis Baynam"
	},
	{
		"first_name" : "Moishe",
		"last_name" : "Perschke",
		"age" : 30,
		"appointed_employee" : "Travis Baynam"
	},
	{
		"first_name" : "Valera",
		"last_name" : "Moehle",
		"age" : 39,
		"appointed_employee" : "Travis Baynam"
	},
	{
		"first_name" : "Rik",
		"last_name" : "Tash",
		"age" : 55,
		"appointed_employee" : "Bondon Jell"
	},
	{
		"first_name" : "Silvana",
		"last_name" : "McKinlay",
		"age" : 37,
		"appointed_employee" : "Bondon Jell"
	},
	{
		"first_name" : "Lilas",
		"last_name" : "Saunier",
		"age" : 54,
		"appointed_employee" : "Bondon Jell"
	},
	{
		"first_name" : "Kare",
		"last_name" : "Bracegirdle",
		"age" : 52,
		"appointed_employee" : "Bondon Jell"
	},
	{
		"first_name" : "Barbie",
		"last_name" : "Anderer",
		"age" : 44,
		"appointed_employee" : "Bondon Jell"
	},
	{
		"first_name" : "Letti",
		"last_name" : "Swindon",
		"age" : 41,
		"appointed_employee" : "Bondon Jell"
	},
	{
		"first_name" : "William",
		"last_name" : "Pedrocco",
		"age" : 54,
		"appointed_employee" : "Nickie Gosnall"
	},
	{
		"first_name" : "Chrissie",
		"last_name" : "Rugiero",
		"age" : 43,
		"appointed_employee" : "Nickie Gosnall"
	},
	{
		"first_name" : "Noni",
		"last_name" : "Baford",
		"age" : 22,
		"appointed_employee" : "Nickie Gosnall"
	},
	{
		"first_name" : "Wenda",
		"last_name" : "Meijer",
		"age" : 46,
		"appointed_employee" : "Nickie Gosnall"
	},
	{
		"first_name" : "Ambros",
		"last_name" : "Winslet",
		"age" : 29,
		"appointed_employee" : "Adda Tolcher"
	},
	{
		"first_name" : "Hildagard",
		"last_name" : "Waite",
		"age" : 26,
		"appointed_employee" : "Adda Tolcher"
	},
	{
		"first_name" : "Bryna",
		"last_name" : "Lissandre",
		"age" : 40,
		"appointed_employee" : "Adda Tolcher"
	},
	{
		"first_name" : "Jourdan",
		"last_name" : "Otter",
		"age" : 41,
		"appointed_employee" : "Adda Tolcher"
	},
	{
		"first_name" : "Alena",
		"last_name" : "Higgonet",
		"age" : 58,
		"appointed_employee" : "Karlan Dayborne"
	},
	{
		"first_name" : "Amory",
		"last_name" : "Casella",
		"age" : 25,
		"appointed_employee" : "Karlan Dayborne"
	},
	{
		"first_name" : "Elyn",
		"last_name" : "Grimditch",
		"age" : 20,
		"appointed_employee" : "Karlan Dayborne"
	},
	{
		"first_name" : "Maje",
		"last_name" : "Benny",
		"age" : 60,
		"appointed_employee" : "Karlan Dayborne"
	},
	{
		"first_name" : "Valera",
		"last_name" : "Moehle",
		"age" : 39,
		"appointed_employee" : "Karlan Dayborne"
	},
	{
		"first_name" : "Sukey",
		"last_name" : "Tinsley",
		"age" : 21,
		"appointed_employee" : "Deny O'Keefe"
	},
	{
		"first_name" : "Otis",
		"last_name" : "Simakov",
		"age" : 27,
		"appointed_employee" : "Deny O'Keefe"
	},
	{
		"first_name" : "Charmaine",
		"last_name" : "Hourihane",
		"age" : 26,
		"appointed_employee" : "Deny O'Keefe"
	},
	{
		"first_name" : "Merrile",
		"last_name" : "Agnew",
		"age" : 53,
		"appointed_employee" : "Deny O'Keefe"
	},
	{
		"first_name" : "Odille",
		"last_name" : "Jays",
		"age" : 20,
		"appointed_employee" : "Deny O'Keefe"
	},
	{
		"first_name" : "Ryan",
		"last_name" : "Turfitt",
		"age" : 27,
		"appointed_employee" : "Deny O'Keefe"
	},
	{
		"first_name" : "Staford",
		"last_name" : "Lougheed",
		"age" : 49,
		"appointed_employee" : "Deny O'Keefe"
	},
	{
		"first_name" : "Jose",
		"last_name" : "Bene",
		"age" : 37,
		"appointed_employee" : "Courtenay Stag"
	},
	{
		"first_name" : "Ody",
		"last_name" : "Tottman",
		"age" : 35,
		"appointed_employee" : "Courtenay Stag"
	},
	{
		"first_name" : "Silvana",
		"last_name" : "McKinlay",
		"age" : 37,
		"appointed_employee" : "Courtenay Stag"
	},
	{
		"first_name" : "Babs",
		"last_name" : "Moreing",
		"age" : 41,
		"appointed_employee" : "Courtenay Stag"
	},
	{
		"first_name" : "Marti",
		"last_name" : "Franek",
		"age" : 33,
		"appointed_employee" : "Courtenay Stag"
	},
	{
		"first_name" : "Corty",
		"last_name" : "Duny",
		"age" : 38,
		"appointed_employee" : "Courtenay Stag"
	},
	{
		"first_name" : "Elihu",
		"last_name" : "Goney",
		"age" : 28,
		"appointed_employee" : "Courtenay Stag"
	}
]
