﻿[
  { "firstName": "Amal", "lastName": "Devivo", "middleInitial": "A", "gender": "Male", "birthday": "1990-12-09T00:00:00", "phone": "089331533", "email": "amal@ama.l"},
  { "firstName": "Willette", "lastName": "Grana", "middleInitial": "K", "gender": "Female", "birthday": "2016-12-09T10:00:00", "phone": "0884234634", "email": "grana@gran.gr"},
  { "firstName": "Stefan", "lastName": "Shankles", "middleInitial": "L", "gender": "NotSpecified", "birthday": "2016-12-09T10:00:00", "phone": "0885312", "email": "stef6@gmail.com"},
  { "firstName": "Lindsay", "lastName": "Suen", "middleInitial": "J", "gender": "Female"},
  { "firstName": "Linnea", "lastName": "Hasegawa", "middleInitial": "P", "birthday": "2016-12-09T10:00:00", "phone": "08859855551", "email": "invalid_email@jj.j."},
  { "firstName": "Juana", "lastName": "Tulley", "gender": "Female", "birthday": "2016-12-09T10:00:00", "phone": "0885321334"},
  { "firstName": "Christia", "lastName": "Zimmerer", "middleInitial": "K", "gender": "Female", "birthday": "1990-12-09T10:00:00", "phone": "0888123321", "email": "validEmail901@host.hs"},
  { "firstName": "Margaret", "lastName": "Prentice", "middleInitial": "FF", "gender": "Female"},
  { "firstName": "Berneice", "lastName": "Shorter", "middleInitial": "A", "gender": "Female", "birthday": "1990-12-09T10:00:00", "phone": "0888123321", "email": "validEmail901@host.hs"},
  { "firstName": "Celia", "lastName": "Gray", "middleInitial": "L", "gender": "Female", "birthday": "1990-12-09T10:00:00", "phone": "0888123321", "email": "validEmail901@host.hs"},
  { "firstName": "abcdefghijklmnopqrstuvwxyzabcdefghijklmnopqrstuvwxyzabcdefghijklmnopqrstuvwxyzabcdefghijklmnopqrstuvwxyzabcdefghijklmnopqrstuvwxyz", "lastName": "KLO", "middleInitial": "P", "gender": "Male", "birthday": "1990-12-09T10:00:00", "phone": "0888123321", "email": "validEmail901@host.hs"},
  { "firstName": "Jermaine", "lastName": "J", "middleInitial": "S", "gender": "Male", "birthday": "1990-12-09T10:00:00", "phone": "0888123321", "email": "validEmail901@host.hs"},
  { "firstName": "Tasia", "lastName": "Kenney", "middleInitial": "H", "gender": "Male", "birthday": "1990-12-09T10:00:00", "phone": "0888123321", "email": "em@em.we"},
  { "lastName": "Flett", "middleInitial": "KKK", "gender": "Female", "birthday": "1990-12-09T10:00:00", "phone": "0888123321", "email": "884@..."},
  { "firstName": "Tracie", "middleInitial": "D", "gender": "Female", "birthday": "1990-12-09T10:00:00", "phone": "0888123321", "email": "validEmail901@host.hs"},
  { "firstName": "Jaqueline", "lastName": "Renz", "gender": "Female", "birthday": "1990-12-09T10:00:00", "phone": "0888123321", "email": "email-validation"},
  { "firstName": "Carry", "lastName": "Grube", "middleInitial": "P", "birthday": "1990-12-09T10:00:00", "phone": "0888123321", "email": "validEmail901@host.hs"},
  { "firstName": "Lala", "lastName": "Abney", "middleInitial": "Q", "gender": "Female", "phone": "0888123321", "email": "validEmail901@host.hs"},
  { "firstName": "Aleshia", "lastName": "Brew", "middleInitial": "W", "gender": "Female", "birthday": "1990-12-09T10:00:00",  "email": "validEmail901@host.hs"},
  { "firstName": "Romona", "lastName": "Stockdale", "middleInitial": "E", "gender": "Female", "birthday": "1990-12-09T10:00:00", "phone": "0888123321"},
  { "firstName": "Raleigh", "lastName": "Hintze", "middleInitial": "R", "gender": "Male", "birthday": "1990-12-09T10:00:00", "phone": "0888123321", "email": "raleigh@office.com"},
  { "firstName": "Bryant", "lastName": "Andress", "middleInitial": "T", "gender": "Male", "birthday": "1990-12-09T10:00:00", "phone": "0888123321", "email": "bryant@office.com"},
  { "firstName": "Earlene", "lastName": "Kollman", "middleInitial": "Y", "gender": "Female", "birthday": "1990-12-09T10:00:00", "phone": "0888123321", "email": "043213@office.com"},
  { "firstName": "Nerissa", "lastName": "Barstow", "middleInitial": "U", "gender": "Female", "birthday": "1990-12-09T10:00:00", "phone": "0888123321", "email": "nerisa@.com"},
  { "firstName": "Lakia", "lastName": "Harriman", "middleInitial": "I", "gender": "Female", "birthday": "1990-12-09T10:00:00", "phone": "0888123321", "email": "email@com."},
  { "firstName": "Rhiannon", "lastName": "Minnich", "middleInitial": "O", "gender": "Male", "birthday": "1990-12-09T10:00:00", "phone": "0888123321", "email": "email@.com."},
  { "firstName": "Harriet", "lastName": "Olivier", "middleInitial": "P", "gender": "Male", "birthday": "1990-12-09T10:00:00", "phone": "0888123321", "email": "email@CC.Ccom"},
  { "firstName": "Madeleine", "lastName": "Tijerina", "middleInitial": "A", "gender": "Female", "email": "email@33.31"},
  { "firstName": "Ria", "lastName": "Mccrum", "middleInitial": "S", "gender": "Female", "email": "email@<3.com<>?@!@"},
  { "firstName": "Freddie", "lastName": "Fukuda", "middleInitial": "D", "gender": "Male", "email": "email!host.com@"},
  { "firstName": "Chrissy", "lastName": "Notter", "middleInitial": "F", "gender": "Female", "email": "@email-validation"},
  { "firstName": "Cassidy", "lastName": "Candelaria", "middleInitial": "G", "gender": "Female", "email": "validEmail901@host.hs"},
  { "firstName": "Magali", "lastName": "Eslinger", "middleInitial": "H", "gender": "Male", "email": "validEmail901@host.hs"},
  { "firstName": "Lanette", "lastName": "Doescher", "middleInitial": "J", "gender": "Female", "email": "validEmail901@host.hs"},
  { "firstName": "Bettie", "lastName": "Arrowsmith", "middleInitial": "P", "gender": "Female", "email": "validEmail901@host.hs"},
  { "firstName": "Zita", "lastName": "Merriweather", "middleInitial": "L", "gender": "Female", "email": "validEmail901@host.hs"},
  { "firstName": "Collette", "lastName": "Russaw", "middleInitial": "K", "gender": "Female", "email": "validEmail901@host.hs"},
  { "firstName": "Suellen", "lastName": "Stills", "middleInitial": "Z", "gender": "Male", "email": "validEmail901@host.hs"},
  { "firstName": "Lecia", "lastName": "Navarette", "middleInitial": "X", "gender": "Female", "email": "validEmail901@host.hs"},
  { "firstName": "Destiny", "lastName": "Cloyd", "middleInitial": "C", "gender": "Male", "email": "validEmail901@host.hs"},
  { "firstName": "Ariana", "lastName": "Thatcher", "middleInitial": "V", "gender": "Male", "email": "validEmail901@host.hs"},
  { "firstName": "Meg", "lastName": "Briese", "middleInitial": "B", "gender": "Female", "email": "validEmail901@host.hs"},
  { "firstName": "Jamey", "lastName": "Driskell", "middleInitial": "N", "gender": "Male", "email": "validEmail901@host.hs"},
  { "firstName": "Leanne", "lastName": "Alleyne", "middleInitial": "M", "gender": "Female", "email": "validEmail901@host.hs"},
  { "firstName": "Maurine", "lastName": "Meidinger", "middleInitial": "Q", "gender": "Male"},
  { "firstName": "Toya", "lastName": "Majeed", "middleInitial": "W", "gender": "Female"},
  { "firstName": "Dara", "lastName": "Aumiller", "middleInitial": "E", "gender": "Female"},
  { "firstName": "Jarvis", "lastName": "Delaune", "middleInitial": "R", "gender": "Male"},
  { "firstName": "Marica", "lastName": "Hellyer", "middleInitial": "T", "gender": "Female"},
  { "firstName": "Brynn", "lastName": "Shao", "middleInitial": "Y", "gender": "Male"},
  { "firstName": "Elida", "lastName": "Mettler", "middleInitial": "U", "gender": "Male"},
  { "firstName": "Robert", "lastName": "Guyton", "middleInitial": "I", "gender": "Male"},
  { "firstName": "Muoi", "lastName": "Marietta", "middleInitial": "O", "gender": "Male"},
  { "firstName": "Grace", "lastName": "Ewart", "middleInitial": "P", "gender": "Female"},
  { "firstName": "Silvanna", "lastName": "Humphries", "middleInitial": "S", "gender": "Female"},
  { "firstName": "Briana", "lastName": "Achorn", "middleInitial": "A", "gender": "Female"},
  { "firstName": "Christal", "lastName": "Moorhouse", "middleInitial": "S", "gender": "Female"},
  { "firstName": "Beverly", "lastName": "Mettler", "middleInitial": "D", "gender": "Male"},
  { "firstName": "Millicent", "lastName": "Ingles", "middleInitial": "F", "gender": "Male"},
  { "firstName": "Maryanna", "lastName": "Mundell", "middleInitial": "G", "gender": "Female"},
  { "firstName": "Lesley", "lastName": "Lattea", "middleInitial": "H", "gender": "Female"},
  { "firstName": "Sylvia", "lastName": "Aman", "middleInitial": "J", "gender": "Female"},
  { "firstName": "Danuta", "lastName": "Midgley", "middleInitial": "K", "gender": "Male"},
  { "firstName": "Marc", "lastName": "Arno", "middleInitial": "L", "gender": "Male"},
  { "firstName": "Orpha", "lastName": "Labrum", "middleInitial": "Z", "gender": "Female"},
  { "firstName": "Jaqueline", "lastName": "Vaughn", "middleInitial": "X", "gender": "Male"},
  { "firstName": "Brenna", "lastName": "Gass", "middleInitial": "C", "gender": "Female"},
  { "firstName": "Verlene", "lastName": "Senior", "middleInitial": "V", "gender": "Female"},
  { "firstName": "Meggan", "lastName": "Bennefield", "middleInitial": "B", "gender": "Female"},
  { "firstName": "Dexter", "lastName": "Arocho", "middleInitial": "N", "gender": "Male"},
  { "firstName": "Ashlyn", "lastName": "Cosio", "middleInitial": "M", "gender": "Female"},
  { "firstName": "Ivana", "lastName": "Zamor", "middleInitial": "Q", "gender": "Female"},
  { "firstName": "Mirella", "lastName": "Mariotti", "middleInitial": "W", "gender": "Male"},
  { "firstName": "Eric", "lastName": "Greenwald", "middleInitial": "E", "gender": "Male"},
  { "firstName": "Christel", "lastName": "Alire", "middleInitial": "R", "gender": "Female"},
  { "firstName": "Marybeth", "lastName": "Marquette", "middleInitial": "T", "gender": "Female"},
  { "firstName": "Kellie", "lastName": "Prosperie", "middleInitial": "Y", "gender": "Female"},
  { "firstName": "Versie", "lastName": "Biggers", "middleInitial": "U", "gender": "Female"},
  { "firstName": "Albina", "lastName": "Sliter", "middleInitial": "I", "gender": "Female"},
  { "firstName": "Cherie", "lastName": "Klapp", "middleInitial": "O", "gender": "Male"},
  { "firstName": "Blake", "lastName": "Pitre", "middleInitial": "P", "gender": "Male"},
  { "firstName": "Seema", "lastName": "Heitmann", "middleInitial": "A", "gender": "Female"},
  { "firstName": "Charlesetta", "lastName": "Deputy", "middleInitial": "S", "gender": "Female"},
  { "firstName": "Cassey", "lastName": "Libby", "middleInitial": "D", "gender": "Male"},
  { "firstName": "Tynisha", "lastName": "Barbieri", "middleInitial": "F", "gender": "Female"},
  { "firstName": "Demetria", "lastName": "Whitney", "middleInitial": "G", "gender": "Female"},
  { "firstName": "Candie", "lastName": "Withrow", "middleInitial": "H", "gender": "Female"},
  { "firstName": "Jerlene", "lastName": "Berthold", "middleInitial": "J", "gender": "Male"},
  { "firstName": "Mohammed", "lastName": "Castor", "middleInitial": "K", "gender": "Male"},
  { "firstName": "Alta", "lastName": "Mirabella", "middleInitial": "L", "gender": "Female"},
  { "firstName": "Princess", "lastName": "Cossey", "middleInitial": "Z", "gender": "Male"},
  { "firstName": "Shellie", "lastName": "Ketchum", "middleInitial": "X", "gender": "Female"},
  { "firstName": "Naoma", "lastName": "Jawad", "middleInitial": "C", "gender": "Female"},
  { "firstName": "Iesha", "lastName": "Lisk", "middleInitial": "V", "gender": "Female"},
  { "firstName": "Fredda", "lastName": "Botts", "middleInitial": "B", "gender": "Female"},
  { "firstName": "Karl", "lastName": "Bullins", "middleInitial": "N", "gender": "Male"},
  { "firstName": "Valeri", "lastName": "Panos", "middleInitial": "M", "gender": "Male"},
  { "firstName": "Calvin", "lastName": "Dorey", "middleInitial": "Q", "gender": "Male"},
  { "firstName": "Ariel", "lastName": "Gershon", "middleInitial": "W", "gender": "Female"},
  { "firstName": "Lottie", "lastName": "Phinney", "middleInitial": "E", "gender": "Male"},
  { "firstName": "Chloe", "lastName": "Harter", "middleInitial": "R", "gender": "Male"},
  { "firstName": "Bonny", "lastName": "Schoch", "middleInitial": "T", "gender": "Male"},
  { "firstName": "See", "lastName": "Shirey", "middleInitial": "Y", "gender": "Male"},
  { "firstName": "Gussie", "lastName": "Hausler", "middleInitial": "U", "gender": "Male"},
  { "firstName": "Pablo", "lastName": "Fiorito", "middleInitial": "I", "gender": "Male"},
  { "firstName": "Jarrod", "lastName": "Mccuen", "middleInitial": "O", "gender": "Male"},
  { "firstName": "Jeanie", "lastName": "Sy", "middleInitial": "P", "gender": "Female"},
  { "firstName": "Luvenia", "lastName": "Ellington", "middleInitial": "A", "gender": "Female"},
  { "firstName": "Chang", "lastName": "Wimberley", "middleInitial": "S", "gender": "Male"},
  { "firstName": "Lashawn", "lastName": "Hillis", "middleInitial": "D", "gender": "Male"},
  { "firstName": "Yevette", "lastName": "Phinney", "middleInitial": "F", "gender": "Female"},
  { "firstName": "Bernadine", "lastName": "Raposa", "middleInitial": "G", "gender": "Male"},
  { "firstName": "Jacque", "lastName": "Romeo", "middleInitial": "H", "gender": "Male"},
  { "firstName": "Tatyana", "lastName": "Lustig", "middleInitial": "J", "gender": "Female"},
  { "firstName": "Serena", "lastName": "Dearmond", "middleInitial": "K", "gender": "Female"},
  { "firstName": "Wesley", "lastName": "Sieber", "middleInitial": "L", "gender": "Male"},
  { "firstName": "Stormy", "lastName": "Fiorillo", "middleInitial": "Z", "gender": "Male"},
  { "firstName": "Merilyn", "lastName": "Austin", "middleInitial": "X", "gender": "Female"},
  { "firstName": "Alissa", "lastName": "Chapel", "middleInitial": "V", "gender": "Female"},
  { "firstName": "Tyson", "lastName": "Herzberg", "middleInitial": "C", "gender": "Male"},
  { "firstName": "Georgiann", "lastName": "Moten", "middleInitial": "V", "gender": "Male"},
  { "firstName": "Scotty", "lastName": "Woodworth", "middleInitial": "B", "gender": "Male"},
  { "firstName": "Katelynn", "lastName": "Neloms", "middleInitial": "N", "gender": "Female"},
  { "firstName": "Serina", "lastName": "Langdon", "middleInitial": "M", "gender": "Female"},
  { "firstName": "Cherise", "lastName": "Kinkade", "middleInitial": "Q", "gender": "Female"},
  { "firstName": "Myriam", "lastName": "Castaldo", "middleInitial": "W", "gender": "Female"},
  { "firstName": "Sherie", "lastName": "Holifield", "middleInitial": "E", "gender": "Female"},
  { "firstName": "Brand", "lastName": "Heitz", "middleInitial": "R", "gender": "Male"},
  { "firstName": "Louella", "lastName": "Obryant", "middleInitial": "T", "gender": "Female"},
  { "firstName": "Tomoko", "lastName": "Agin", "middleInitial": "Y", "gender": "Male"},
  { "firstName": "Mia", "lastName": "Stalling", "middleInitial": "U", "gender": "Female"},
  { "firstName": "Ellent", "lastName": "Revard", "middleInitial": "I", "gender": "Male"},
  { "firstName": "Chery", "lastName": "Cosme", "middleInitial": "O", "gender": "Female"},
  { "firstName": "Kitty", "lastName": "Baldridge", "middleInitial": "P", "gender": "Female"},
  { "firstName": "Chana", "lastName": "Campanella", "middleInitial": "A", "gender": "Female"},
  { "firstName": "Letitia", "lastName": "Laing", "middleInitial": "S", "gender": "Female"},
  { "firstName": "Albertina", "lastName": "Jeter", "middleInitial": "D", "gender": "Female"},
  { "firstName": "Hyo", "lastName": "Broaddus", "middleInitial": "F", "gender": "Male"},
  { "firstName": "Natashia", "lastName": "Pick", "middleInitial": "G", "gender": "Female"},
  { "firstName": "Dorethea", "lastName": "Oboyle", "middleInitial": "H", "gender": "Female"},
  { "firstName": "Roselyn", "lastName": "Poulter", "middleInitial": "J", "gender": "Male"},
  { "firstName": "Glayds", "lastName": "Alberti", "middleInitial": "K", "gender": "Male"},
  { "firstName": "Al", "lastName": "Hisey", "middleInitial": "L", "gender": "Male"},
  { "firstName": "Booker", "lastName": "Tyler", "middleInitial": "Z", "gender": "Male"},
  { "firstName": "Dahlia", "lastName": "Sansone", "middleInitial": "X", "gender": "Female"},
  { "firstName": "Ashlyn", "lastName": "Ballentine", "middleInitial": "C", "gender": "Female"},
  { "firstName": "Micaela", "lastName": "Dominy", "middleInitial": "V", "gender": "Female"},
  { "firstName": "Katherin", "lastName": "Rebello", "middleInitial": "B", "gender": "Female"},
  { "firstName": "Shemeka", "lastName": "Retherford", "middleInitial": "N", "gender": "Male"},
  { "firstName": "Treasa", "lastName": "Roache", "middleInitial": "M", "gender": "Female"},
  { "firstName": "Nelia", "lastName": "Brannon", "middleInitial": "Q", "gender": "Female"},
  { "firstName": "Sherron", "lastName": "Nedeau", "middleInitial": "W", "gender": "Male"},
  { "firstName": "Julietta", "lastName": "Styers", "middleInitial": "E", "gender": "Female"},
  { "firstName": "Candi", "lastName": "Nevels", "middleInitial": "R", "gender": "Female"},
  { "firstName": "Ludie", "lastName": "Canfield", "middleInitial": "T", "gender": "Male"},
  { "firstName": "Emerson", "lastName": "Rauscher", "middleInitial": "Y", "gender": "Male"},
  { "firstName": "Gonzalo", "lastName": "Sweeten", "middleInitial": "U", "gender": "Male"},
  { "firstName": "Corrina", "lastName": "Strawn", "middleInitial": "I", "gender": "Female"},
  { "firstName": "Pearlie", "lastName": "Tseng", "middleInitial": "O", "gender": "Male"},
  { "firstName": "Erik", "lastName": "Gochenour", "middleInitial": "P", "gender": "Male"},
  { "firstName": "Cinthia", "lastName": "Schuck", "middleInitial": "A", "gender": "Female"},
  { "firstName": "Leonila", "lastName": "Crum", "middleInitial": "S", "gender": "Female"},
  { "firstName": "Ashleigh", "lastName": "Sokol", "middleInitial": "D", "gender": "Male"},
  { "firstName": "Has", "lastName": "Drone", "middleInitial": "F", "gender": "Male"},
  { "firstName": "Erasmo", "lastName": "Abshire", "middleInitial": "G", "gender": "Male"},
  { "firstName": "Angelina", "lastName": "Daly", "middleInitial": "H", "gender": "Female"},
  { "firstName": "Luigi", "lastName": "Plath", "middleInitial": "J", "gender": "Male"},
  { "firstName": "Ona", "lastName": "Engram", "middleInitial": "K", "gender": "Female"},
  { "firstName": "Monet", "lastName": "Fluitt", "middleInitial": "L", "gender": "Male"},
  { "firstName": "Aleta", "lastName": "Murtha", "middleInitial": "Z", "gender": "Female"},
  { "firstName": "Hermelinda", "lastName": "Creel", "middleInitial": "X", "gender": "Female"},
  { "firstName": "Priscilla", "lastName": "Hankinson", "middleInitial": "C", "gender": "Female"},
  { "firstName": "Willene", "lastName": "Tosh", "middleInitial": "V", "gender": "Male"},
  { "firstName": "Johnette", "lastName": "Burry", "middleInitial": "B", "gender": "Female"},
  { "firstName": "Roger", "lastName": "Wickwire", "middleInitial": "N", "gender": "Male"},
  { "firstName": "Gretta", "lastName": "Sellner", "middleInitial": "M", "gender": "Female"},
  { "firstName": "Carmelo", "lastName": "Morace", "middleInitial": "Q", "gender": "Male"},
  { "firstName": "Ramon", "lastName": "Devens", "middleInitial": "W", "gender": "Male"},
  { "firstName": "Rod", "lastName": "Ravenell", "middleInitial": "E", "gender": "Male"},
  { "firstName": "Awilda", "lastName": "Olague", "middleInitial": "R", "gender": "Female"},
  { "firstName": "Tonia", "lastName": "Meurer", "middleInitial": "T", "gender": "Male"},
  { "firstName": "Jeana", "lastName": "Forgey", "middleInitial": "Y", "gender": "Female"},
  { "firstName": "Lavera", "lastName": "Jessie", "middleInitial": "U", "gender": "Female"},
  { "firstName": "Joelle", "lastName": "Barfoot", "middleInitial": "I", "gender": "Female"},
  { "firstName": "Zachary", "lastName": "Earnest", "middleInitial": "O", "gender": "Male"},
  { "firstName": "Thomasine", "lastName": "Weidner", "middleInitial": "P", "gender": "Male"},
  { "firstName": "Marquita", "lastName": "Berrian", "middleInitial": "Q", "gender": "Female"},
  { "firstName": "Vicente", "lastName": "Curling", "middleInitial": "W", "gender": "Female"},
  { "firstName": "Sabra", "lastName": "Betts", "middleInitial": "E", "gender": "Female"},
  { "firstName": "Joi", "lastName": "Turlington", "middleInitial": "R", "gender": "Male"},
  { "firstName": "Shella", "lastName": "Hackley", "middleInitial": "T", "gender": "Female"},
  { "firstName": "Harley", "lastName": "Heitman", "middleInitial": "Y", "gender": "Male"},
  { "firstName": "Avis", "lastName": "Benny", "middleInitial": "U", "gender": "Male"},
  { "firstName": "Coy", "lastName": "Zito", "middleInitial": "I", "gender": "Male"},
  { "firstName": "Elois", "lastName": "Abram", "middleInitial": "O", "gender": "Male"},
  { "firstName": "Portia", "lastName": "Wile", "middleInitial": "P", "gender": "Female"},
  { "firstName": "Marvella", "lastName": "Rust", "middleInitial": "A", "gender": "Female"},
  { "firstName": "Paz", "lastName": "Owens", "middleInitial": "S", "gender": "Male"},
  { "firstName": "Denese", "lastName": "Bartel", "middleInitial": "D", "gender": "Male"},
  { "firstName": "Shirl", "lastName": "Reck", "middleInitial": "F", "gender": "Male"},
  { "firstName": "Shirleen", "lastName": "Kesner", "middleInitial": "G", "gender": "Female"},
  { "firstName": "Alfred", "lastName": "Dabbs", "middleInitial": "H", "gender": "Male"},
  { "firstName": "Chaya", "lastName": "Brighton", "middleInitial": "J", "gender": "Female"},
  { "firstName": "Rosalia", "lastName": "Sylvester", "middleInitial": "K", "gender": "Female"},
  { "firstName": "Cherly", "lastName": "Keener", "middleInitial": "L", "gender": "Female"},
  { "firstName": "Delmy", "lastName": "Pafford", "middleInitial": "Z", "gender": "Female"},
  { "firstName": "Lang", "lastName": "Grams", "middleInitial": "X", "gender": "Male"},
  { "firstName": "Sylvia", "lastName": "Cazares", "middleInitial": "C", "gender": "Female"},
  { "firstName": "Diane", "lastName": "Carini", "middleInitial": "V", "gender": "Male"},
  { "firstName": "Rolland", "lastName": "Holzwarth", "middleInitial": "B", "gender": "Male"},
  { "firstName": "Magali", "lastName": "Schoening", "middleInitial": "N", "gender": "Male"},
  { "firstName": "Kellie", "lastName": "Wiltshire", "middleInitial": "M", "gender": "Female"},
  { "firstName": "Elidia", "lastName": "Dotts", "middleInitial": "Q", "gender": "Male", "email": "validEmail901@host.hs"},
  { "firstName": "Lynetta", "lastName": "Collie", "middleInitial": "W", "gender": "Male", "email": "validEmail901@host.hs"},
  { "firstName": "Raven", "lastName": "Vicini", "middleInitial": "E", "gender": "Male", "email": "validEmail901@host.hs"},
  { "firstName": "Brenda", "lastName": "Bess", "middleInitial": "R", "gender": "Male", "email": "validEmail901@host.hs"},
  { "firstName": "Amos", "lastName": "Tardugno", "middleInitial": "T", "gender": "Male", "email": "validEmail901@host.hs"},
  { "firstName": "Lub", "lastName": "Kennemer", "middleInitial": "Y", "gender": "Male", "email": "validEmail901@host.hs"},
  { "firstName": "Woodrow", "lastName": "Campo", "middleInitial": "U", "gender": "Male", "email": "validEmail901@host.hs"},
  { "firstName": "Leroy", "lastName": "Shumway", "middleInitial": "I", "gender": "Male", "email": "validEmail901@host.hs"},
  { "firstName": "Fanny", "lastName": "Capone", "middleInitial": "O", "gender": "Male", "email": "validEmail901@host.hs"},
  { "firstName": "Kassie", "lastName": "Jaffee", "middleInitial": "P", "gender": "Male", "email": "validEmail901@host.hs"},
  { "firstName": "Noelia", "lastName": "Kowalczyk", "middleInitial": "A", "gender": "Male", "email": "validEmail901@host.hs"},
  { "firstName": "Antonetta", "lastName": "Penfield", "middleInitial": "S", "gender": "Male", "email": "validEmail901@host.hs"},
  { "firstName": "Theda", "lastName": "Hentges", "middleInitial": "D", "gender": "Male", "email": "validEmail901@host.hs"},
  { "firstName": "Bailey", "lastName": "Mcnamee", "middleInitial": "F", "gender": "Male", "email": "validEmail901@host.hs"},
  { "firstName": "Hong", "lastName": "Cusack", "middleInitial": "G", "gender": "Male", "email": "validEmail901@host.hs"},
  { "firstName": "Laine", "lastName": "Pickron", "middleInitial": "H", "gender": "Male", "email": "validEmail901@host.hs"},
  { "firstName": "Esmeralda", "lastName": "Wadlington", "middleInitial": "I", "gender": "Male", "email": "validEmail901@host.hs"},
  { "firstName": "Bradley", "lastName": "Gess", "middleInitial": "A", "gender": "Male", "email": "validEmail901@host.hs"},
  { "firstName": "Lynn", "lastName": "Chatham", "middleInitial": "S", "gender": "Male", "email": "validEmail901@host.hs"},
  { "firstName": "Ayesha", "lastName": "Longwell", "middleInitial": "D", "gender": "Male", "email": "validEmail901@host.hs"},
  { "firstName": "Florid", "lastName": "Knicely", "middleInitial": "F", "gender": "Male", "email": "validEmail901@host.hs"},
  { "firstName": "Dalila", "lastName": "Blanck", "middleInitial": "G", "gender": "Male", "email": "validEmail901@host.hs"},
  { "firstName": "Karan", "lastName": "Kenobi", "middleInitial": "H", "gender": "Male", "email": "validEmail901@host.hs"},
  { "firstName": "Elana", "lastName": "Ifill", "middleInitial": "I", "gender": "Male", "email": "validEmail901@host.hs"},
  { "firstName": "Jayme", "lastName": "Cosper", "middleInitial": "O", "gender": "Male", "email": "validEmail901@host.hs"},
  { "firstName": "Brenna", "lastName": "Montalvan", "middleInitial": "P", "gender": "Male", "email": "validEmail901@host.hs"},
  { "firstName": "Margene", "lastName": "Ohl", "middleInitial": "L", "gender": "Male", "email": "validEmail901@host.hs"},
  { "firstName": "Marco", "lastName": "Mcduff", "middleInitial": "K", "gender": "Male", "email": "validEmail901@host.hs"},
  { "firstName": "Jacqueline", "lastName": "Lamoureaux", "middleInitial": "J", "gender": "Male", "email": "validEmail901@host.hs"},
  { "firstName": "Hershel", "lastName": "Ogilvie", "middleInitial": "Z", "gender": "Male", "email": "validEmail901@host.hs"},
  { "firstName": "Mikel", "lastName": "Skowronski", "middleInitial": "X", "gender": "Male", "email": "validEmail901@host.hs"},
  { "firstName": "Sonya", "lastName": "Guinan", "middleInitial": "C", "gender": "Female", "email": "validEmail901@host.hs"},
  { "firstName": "Leila", "lastName": "Mcclurg", "middleInitial": "V", "gender": "Female", "email": "validEmail901@host.hs"},
  { "firstName": "Billie", "lastName": "Coelho", "middleInitial": "B", "gender": "Male", "email": "validEmail901@host.hs"},
  { "firstName": "Torie", "lastName": "Popejoy", "middleInitial": "N", "gender": "Female", "email": "validEmail901@host.hs"},
  { "firstName": "Yesenia", "lastName": "Ruddick", "middleInitial": "M", "gender": "Female", "email": "validEmail901@host.hs"},
  { "firstName": "Sid", "lastName": "Munz", "middleInitial": "Q", "gender": "Male", "email": "validEmail901@host.hs"},
  { "firstName": "Deidra", "lastName": "Gerardo", "middleInitial": "W", "gender": "Female", "email": "validEmail901@host.hs"},
  { "firstName": "Laquita", "lastName": "Wofford", "middleInitial": "E", "gender": "Female", "email": "validEmail901@host.hs"},
  { "firstName": "Yun", "lastName": "Nowak", "middleInitial": "R", "gender": "Male", "email": "validEmail901@host.hs"},
  { "firstName": "Rosalind", "lastName": "Ritchie", "middleInitial": "T", "gender": "Male", "email": "validEmail901@host.hs"},
  { "firstName": "Shante", "lastName": "Willimas", "middleInitial": "Y", "gender": "Male", "email": "validEmail901@host.hs"},
  { "firstName": "Julee", "lastName": "Pauley", "middleInitial": "U", "gender": "Female", "email": "validEmail901@host.hs"},
  { "firstName": "Teena", "lastName": "Medeiros", "middleInitial": "I", "gender": "Female", "email": "validEmail901@host.hs"},
  { "firstName": "Gay", "lastName": "Ferdinand", "middleInitial": "O", "gender": "Male", "email": "validEmail901@host.hs"},
  { "firstName": "Stewart", "lastName": "Raff", "middleInitial": "P", "gender": "Male", "email": "validEmail901@host.hs"},
  { "firstName": "Venetta", "lastName": "Gundersen", "middleInitial": "A", "gender": "Female", "email": "validEmail901@host.hs"},
  { "firstName": "Bret", "lastName": "Barthel", "middleInitial": "S", "gender": "Male", "birthday": "1990-12-09T10:00:00", "phone": "0888123321", "email": "validEmail901@host.hs"},
  { "firstName": "Irving", "lastName": "Kurt", "middleInitial": "D", "gender": "Male", "birthday": "1990-12-09T10:00:00", "phone": "0888123321", "email": "validEmail901@host.hs"},
  { "firstName": "Stacy", "lastName": "Jarnigan", "middleInitial": "F", "gender": "Female", "birthday": "1990-12-09T10:00:00", "phone": "0888123321", "email": "validEmail901@host.hs"},
  { "firstName": "Shawnta", "lastName": "Su", "middleInitial": "G", "gender": "Female", "birthday": "1990-12-09T10:00:00", "phone": "0888123321", "email": "validEmail901@host.hs"},
  { "firstName": "Taisha", "lastName": "Foston", "middleInitial": "H", "gender": "Female", "birthday": "1990-12-09T10:00:00", "phone": "0888123321", "email": "validEmail901@host.hs"},
  { "firstName": "Karolyn", "lastName": "Digman", "middleInitial": "J", "gender": "Female", "birthday": "1990-12-09T10:00:00", "phone": "0888123321", "email": "validEmail901@host.hs"},
  { "firstName": "Quentin", "lastName": "Muraoka", "middleInitial": "J", "gender": "Male", "birthday": "1990-12-09T10:00:00", "phone": "0888123321", "email": "validEmail901@host.hs"},
  { "firstName": "Jenniffer", "lastName": "Grimshaw", "middleInitial": "K", "gender": "Female", "birthday": "1990-12-09T10:00:00", "phone": "0888123321", "email": "validEmail901@host.hs"},
  { "lastName": "Lesko", "middleInitial": "L", "gender": "Female", "birthday": "1990-12-09T10:00:00", "phone": "0888123321", "email": "validEmail901@host.hs"},
  { "firstName": "Remona", "middleInitial": "Z", "gender": "Female", "birthday": "1990-12-09T10:00:00", "phone": "0888123321", "email": "validEmail901@host.hs"},
  { "firstName": "Wanita", "lastName": "Mckenzie", "gender": "Female", "birthday": "1990-12-09T10:00:00", "phone": "0888123321", "email": "validEmail901@host.hs"},
  { "firstName": "Bart", "lastName": "Grow", "middleInitial": "L", "gender": "Male", "birthday": "1990-12-09T10:00:00", "phone": "0888123321", "email": "validEmail901@host.hs"},
  { "firstName": "Lakesha", "lastName": "Longerbeam", "middleInitial": "V", "gender": "Female", "birthday": "1990-12-09T10:00:00", "phone": "0888123321", "email": "validEmail901@host.hs"},
  { "firstName": "Kimbra", "lastName": "Rook", "middleInitial": "B", "gender": "Female", "birthday": "1990-12-09T10:00:00", "phone": "0888123321", "email": "validEmail901@host.hs"},
  { "firstName": "Nery", "lastName": "Sabine", "middleInitial": "N", "gender": "Female", "birthday": "1990-12-09T10:00:00", "phone": "0888123321", "email": "validEmail901@host.hs"},
  { "firstName": "Emanuel", "lastName": "Cochran", "middleInitial": "M", "gender": "Male", "birthday": "1990-12-09T10:00:00", "phone": "0888123321", "email": "validEmail901@host.hs"},
  { "firstName": "Kimberely", "lastName": "Geren", "middleInitial": "Q", "gender": "Female", "birthday": "1990-12-09T10:00:00", "phone": "0888123321", "email": "validEmail901@host.hs"},
  { "firstName": "Nathaniel", "lastName": "Glynn", "middleInitial": "W", "gender": "Male", "birthday": "1990-12-09T10:00:00", "phone": "0888123321", "email": "validEmail901@host.hs"},
  { "firstName": "Kelsi", "lastName": "Vickrey", "middleInitial": "E", "gender": "Female", "birthday": "1990-12-09T10:00:00", "phone": "0888123321", "email": "validEmail901@host.hs"},
  { "firstName": "Loriann", "lastName": "Piro", "middleInitial": "R", "gender": "Male", "birthday": "1990-12-09T10:00:00", "phone": "0888123321", "email": "validEmail901@host.hs"},
  { "firstName": "Marylynn", "lastName": "Schueler", "middleInitial": "T", "gender": "Female", "birthday": "1990-12-09T10:00:00", "phone": "0888123321", "email": "validEmail901@host.hs"},
  { "firstName": "Jeanett", "lastName": "Mcmurry", "middleInitial": "Y", "gender": "Female", "birthday": "1990-12-09T10:00:00", "phone": "0888123321", "email": "validEmail901@host.hs"},
  { "firstName": "Anneliese", "lastName": "Braverman", "middleInitial": "U", "gender": "Female", "birthday": "1990-12-09T10:00:00", "phone": "0888123321", "email": "validEmail901@host.hs"},
  { "firstName": "Nelida", "lastName": "Nuttall", "middleInitial": "I", "gender": "Female", "birthday": "1990-12-09T10:00:00", "phone": "0888123321", "email": "validEmail901@hst.hs"},
  { "firstName": "Colleen", "lastName": "Parr", "middleInitial": "O", "gender": "Female", "birthday": "1990-12-09T10:00:00", "phone": "0888123321", "email": "validEmail901@hosths"},
  { "firstName": "Leo", "lastName": "Hearne", "middleInitial": "P", "gender": "Male", "birthday": "1990-12-09T10:00:00", "phone": "0888123321", "email": "validEmail901@host.hs"},
  { "firstName": "Randa", "lastName": "Anderton", "middleInitial": "Q", "gender": "Female", "birthday": "1990-12-09T10:00:00", "phone": "0888123321", "email": "validEmail901@host.hs"},
  { "firstName": "Cecille", "lastName": "Melendy", "middleInitial": "W", "gender": "Female", "birthday": "1990-12-09T10:00:00", "phone": "0888123321", "email": "validEmail901@.host.hs"},
  { "firstName": "Alexandria", "lastName": "Breen", "middleInitial": "W", "gender": "Female", "birthday": "1990-12-09T10:00:00", "phone": "0888123321", "email": "validEmail901@host.hs"},
  { "firstName": "Ellyn", "lastName": "Nold", "middleInitial": "A", "gender": "Female", "birthday": "1990-12-09T10:00:00", "phone": "0888123321", "email": "validEmail901@host.hs"},
  { "firstName": "Gillian", "lastName": "Tschanz", "middleInitial": "S", "gender": "Female", "birthday": "1990-12-09T10:00:00", "phone": "0888123321", "email": "validEmail901@host.hs"},
  { "firstName": "Jami", "lastName": "Hoppe", "middleInitial": "D", "gender": "Male", "birthday": "1990-12-09T10:00:00", "phone": "0888123321", "email": "validEmail901@host.hs"},
  { "firstName": "Shella", "lastName": "Ramirez", "middleInitial": "F", "gender": "Female", "birthday": "1990-12-09T10:00:00", "phone": "0888123321", "email": "validEmail901@host.hs"},
  { "firstName": "Ivey", "lastName": "Seaton", "middleInitial": "G", "gender": "Female", "birthday": "1990-12-09T10:00:00", "phone": "0888123321", "email": "validEmail901@host.hs"},
  { "firstName": "Lacresha", "lastName": "Kovar", "middleInitial": "H", "gender": "Female", "birthday": "1990-12-09T10:00:00", "phone": "0888123321", "email": "validEmail901@host.hs"},
  { "firstName": "Sunni", "lastName": "Marsden", "middleInitial": "J", "gender": "Male", "birthday": "1990-12-09T10:00:00", "phone": "0888123321", "email": "validEmail901@host.hs"},
  { "firstName": "Eleanore", "lastName": "Windley", "middleInitial": "I", "gender": "Female", "birthday": "1990-12-09T10:00:00", "phone": "0888123321", "email": "validEmail901@host.hs"},
  { "firstName": "Ozell", "lastName": "Nilsson", "middleInitial": "K", "gender": "Male", "birthday": "1990-12-09T10:00:00", "phone": "0888123321", "email": "validEmail901@host.hs"},
  { "firstName": "Delisa", "lastName": "Sunday", "middleInitial": "L", "gender": "Female", "birthday": "1990-12-09T10:00:00", "phone": "0888123321", "email": "validEmail901@host.hs"},
  { "firstName": "Maren", "lastName": "Jeffrey", "middleInitial": "Z", "gender": "Male", "birthday": "1990-12-09T10:00:00", "phone": "0888123321", "email": "validEmail901@host.hs"},
  { "firstName": "Cherri", "lastName": "Braun", "middleInitial": "C", "gender": "Female", "birthday": "1990-12-09T10:00:00", "phone": "0888123321", "email": "validEmail901@host.hs"},
  { "firstName": "Madlyn", "lastName": "Ogata", "middleInitial": "X", "gender": "Female", "birthday": "1990-12-09T10:00:00", "phone": "0888123321", "email": "validEmail901@host.hs"},
  { "firstName": "Isobel", "lastName": "Kreamer", "middleInitial": "V", "gender": "Male", "birthday": "1990-12-09T10:00:00", "phone": "0888123321", "email": "validEmail901@host.hs"},
  { "firstName": "Leilani", "lastName": "Roseborough", "middleInitial": "B", "gender": "Female", "birthday": "1990-12-09T10:00:00", "phone": "0888123321", "email": "validEmail901@host.hs"},
  { "firstName": "Wade", "lastName": "Mcinnis", "middleInitial": "V", "gender": "Male", "birthday": "1990-12-09T10:00:00", "phone": "0888123321", "email": "validEmail901@host.hs"},
  { "firstName": "Marchelle", "lastName": "Cuneo", "middleInitial": "B", "gender": "Female", "birthday": "1990-12-09T10:00:00", "phone": "0888123321", "email": "validEmail901@host.hs"},
  { "firstName": "Kenneth", "lastName": "Hackman", "middleInitial": "N", "gender": "Male", "birthday": "1990-12-09T10:00:00", "phone": "0888123321", "email": "validEmail901@host.hs"},
  { "firstName": "Alba", "lastName": "Descoteaux", "middleInitial": "M", "gender": "Female", "birthday": "1990-12-09T10:00:00", "phone": "0888123321", "email": "validEmail901@host.hs"},
  { "firstName": "Hedwig", "lastName": "Coakley", "middleInitial": "Q", "gender": "Female", "birthday": "1990-12-09T10:00:00", "phone": "0888123321", "email": "validEmail901@host.hs"},
  { "firstName": "Elroy", "lastName": "Wilk", "middleInitial": "W", "gender": "Male", "birthday": "1990-12-09T10:00:00", "phone": "0888123321", "email": "validEmail901@host.hs"},
  { "firstName": "Cris", "lastName": "Foote", "middleInitial": "E", "gender": "Male", "birthday": "1990-12-09T10:00:00", "phone": "0888123321", "email": "validEmail901@host.hs"},
  { "firstName": "Bailey", "lastName": "Agostini", "middleInitial": "R", "gender": "Male", "birthday": "1990-12-09T10:00:00", "phone": "0888123321", "email": "validEmail901@host.hs"},
  { "firstName": "Tiara", "lastName": "Perlman", "middleInitial": "T", "gender": "Female", "birthday": "1990-12-09T10:00:00", "phone": "0888123321", "email": "validEmail901@host.hs"},
  { "firstName": "Lynna", "lastName": "Child", "middleInitial": "Y", "gender": "Female", "birthday": "1990-12-09T10:00:00", "phone": "0888123321", "email": "validEmail901@host.hs"},
  { "firstName": "Rubi", "lastName": "Tena", "middleInitial": "U", "gender": "Male", "birthday": "1990-12-09T10:00:00", "phone": "0888123321", "email": "validEmail901@host.hs"},
  { "firstName": "Tarra", "lastName": "Cravens", "middleInitial": "I", "gender": "Female", "birthday": "1990-12-09T10:00:00", "phone": "0888123321", "email": "validEmail-901@host.hs"},
  { "firstName": "Lyndon", "lastName": "Smail", "middleInitial": "O", "gender": "Male", "birthday": "1990-12-09T10:00:00", "phone": "0888123321", "email": "validEmail901@host.hs"},
  { "firstName": "Narcisa", "lastName": "Lamirande", "middleInitial": "P", "gender": "Female", "birthday": "1990-12-09T10:00:00", "phone": "0888123321", "email": "validEmail901@host.hs"},
  { "firstName": "Charisse", "lastName": "Vanleuven", "middleInitial": "A", "gender": "Female", "birthday": "1990-12-09T10:00:00", "phone": "0888123321", "email": "validEmail901@host.hs"},
  { "firstName": "Lula", "lastName": "Judge", "middleInitial": "S", "gender": "Female", "birthday": "1990-12-09T10:00:00", "phone": "0888123321", "email": "validEmail901@host.hs"},
  { "firstName": "Whitley", "lastName": "Dymond", "middleInitial": "D", "gender": "Male", "birthday": "1990-12-09T10:00:00", "phone": "0888123321", "email": "validEmail901@host.hs"},
  { "firstName": "Anabel", "lastName": "Jurek", "middleInitial": "F", "gender": "Female", "birthday": "1990-12-09T10:00:00", "phone": "0888123321", "email": "validEmail901@host.hs"},
  { "firstName": "Pinkie", "lastName": "Manna", "middleInitial": "G", "gender": "Male", "birthday": "1990-12-09T10:00:00", "phone": "0888123321", "email": "validEmail901@host.hs"},
  { "firstName": "Lara", "lastName": "Parry", "middleInitial": "H", "gender": "Female", "birthday": "1990-12-09T10:00:00", "phone": "0888123321", "email": "validEmail901@host.hs"},
  { "firstName": "Eunice", "lastName": "Madere", "middleInitial": "I", "gender": "Male", "birthday": "1990-12-09T10:00:00", "phone": "0888123321", "email": "validEmail901@host.hs"},
  { "firstName": "Migdalia", "lastName": "Pray", "middleInitial": "J", "gender": "Female", "birthday": "1990-12-09T10:00:00", "phone": "0888123321", "email": "validEmail901@host.hs"},
  { "firstName": "Larisa", "lastName": "Bossi", "middleInitial": "K", "gender": "Female", "birthday": "1990-12-09T10:00:00", "phone": "0888123321", "email": "validEmail901@host.hs"},
  { "firstName": "Valeria", "lastName": "Square", "middleInitial": "L", "gender": "Female", "birthday": "1990-12-09T10:00:00", "phone": "0888123321", "email": "validEmail901@host.hs"},
  { "firstName": "Tyesha", "lastName": "Eisenhauer", "middleInitial": "Z", "gender": "Female", "birthday": "1990-12-09T10:00:00", "phone": "0888123321", "email": "validEmail901@host.hs"},
  { "firstName": "Shayne", "lastName": "Rester", "middleInitial": "X", "gender": "Male", "birthday": "1990-12-09T10:00:00", "phone": "0888123321", "email": "validEmail901@host.hs"},
  { "firstName": "Herma", "lastName": "Dagostino", "middleInitial": "C", "gender": "Female", "birthday": "1990-12-09T10:00:00", "phone": "0888123321", "email": "validEmail901@host.hs"},
  { "firstName": "Dotty", "lastName": "Galley", "middleInitial": "V", "gender": "Male", "birthday": "1990-12-09T10:00:00", "phone": "0888123321", "email": "validEmail901@host.hs"},
  { "firstName": "Keila", "lastName": "Ownby", "middleInitial": "B", "gender": "Female", "birthday": "1990-12-09T10:00:00", "phone": "0888123321", "email": "validEmail901@host.hs"},
  { "firstName": "Louann", "lastName": "Fellers", "middleInitial": "N", "gender": "Male", "birthday": "1990-12-09T10:00:00", "phone": "0888123321", "email": "validEmail901@host.hs"},
  { "firstName": "Ettie", "lastName": "Weisenberger", "middleInitial": "M", "gender": "Female", "birthday": "1990-12-09T10:00:00", "phone": "0888123321", "email": "validEmail901@host.hs"},
  { "firstName": "Lashunda", "lastName": "Montero", "middleInitial": "Q", "gender": "Female", "birthday": "1990-12-09T10:00:00", "phone": "0888123321", "email": "validEmail901@host.hs"},
  { "firstName": "Marielle", "lastName": "Lindgren", "middleInitial": "W", "gender": "Female", "birthday": "1990-12-09T10:00:00", "phone": "0888123321", "email": "validEmail901@host.hs"},
  { "firstName": "Hermina", "lastName": "Kirkwood", "middleInitial": "E", "gender": "Male", "birthday": "1990-12-09T10:00:00", "phone": "0888123321", "email": "validEmail901@host.hs"},
  { "firstName": "Shela", "lastName": "Sockwell", "middleInitial": "R", "gender": "Male", "birthday": "1990-12-09T10:00:00", "phone": "0888123321", "email": "validEmail901@host.hs"},
  { "firstName": "Lang", "lastName": "Slaymaker", "middleInitial": "T", "gender": "Male", "birthday": "1990-12-09T10:00:00", "phone": "0888123321", "email": "validEmail901@host.hs"},
  { "firstName": "Geraldine", "lastName": "Ploof", "middleInitial": "Y", "gender": "Male", "birthday": "1990-12-09T10:00:00", "phone": "0888123321", "email": "validEmail901@host.hs"},
  { "firstName": "Santina", "lastName": "Dangelo", "middleInitial": "U", "gender": "Female", "birthday": "1990-12-09T10:00:00", "phone": "0888123321", "email": "validEmail901@host.hs"},
  { "firstName": "Gretchen", "lastName": "Dulmage", "middleInitial": "I", "gender": "Female", "birthday": "1990-12-09T10:00:00", "phone": "0888123321", "email": "validEmail901@host.hs"},
  { "firstName": "Marlen", "lastName": "Claassen", "middleInitial": "O", "gender": "Male", "birthday": "1990-12-09T10:00:00", "phone": "0888123321", "email": "validEmail901@host.hs"},
  { "firstName": "Venetta", "lastName": "Deitz", "middleInitial": "P", "gender": "Female", "birthday": "1990-12-09T10:00:00", "phone": "0888123321", "email": "validEmail901@host.hs"},
  { "firstName": "Leonore", "lastName": "Paine", "middleInitial": "A", "gender": "Male", "birthday": "1990-12-09T10:00:00", "phone": "0888123321", "email": "validEmail901@host.hs"},
  { "firstName": "Ellis", "lastName": "Slaybaugh", "middleInitial": "S", "gender": "Female", "birthday": "1990-12-09T10:00:00", "phone": "0888123321", "email": "validEmail901@host.hs"},
  { "firstName": "Karlene", "lastName": "Stroope", "middleInitial": "D", "gender": "Female", "birthday": "1990-12-09T10:00:00", "phone": "0888123321", "email": "validEmail901@host.hs"},
  { "firstName": "Anita", "lastName": "Linden", "middleInitial": "F", "gender": "Female", "birthday": "1990-12-09T10:00:00", "phone": "0888123321", "email": "validEmail901@host.hs"},
  { "firstName": "Bob", "lastName": "Oler", "middleInitial": "G", "gender": "Male", "birthday": "1990-12-09T10:00:00", "phone": "0888123321", "email": "validEmail901@host.hs"},
  { "firstName": "Zana", "lastName": "Redfearn", "middleInitial": "H", "gender": "Female", "birthday": "1990-12-09T10:00:00", "phone": "0888123321", "email": "validEmail901@host.hs"},
  { "firstName": "Cleopatra", "lastName": "Cull", "middleInitial": "J", "gender": "Female", "birthday": "1990-12-09T10:00:00", "phone": "0888123321", "email": "validEmail901@host.hs"},
  { "firstName": "Jamel", "lastName": "Challis", "middleInitial": "K", "gender": "Male", "birthday": "1990-12-09T10:00:00", "phone": "0888123321", "email": "validEmail901@host.hs"},
  { "firstName": "Suzanne", "lastName": "Wurst", "middleInitial": "L", "gender": "Female", "birthday": "1990-12-09T10:00:00", "phone": "0888123321", "email": "validEmail901@host.hs"},
  { "firstName": "Jonathon", "lastName": "Kimura", "middleInitial": "Z", "gender": "Male", "birthday": "1990-12-09T10:00:00", "phone": "0888123321", "email": "validEmail901@host.hs"},
  { "firstName": "Elidia", "lastName": "Schrecengost", "middleInitial": "X", "gender": "Female", "birthday": "1990-12-09T10:00:00", "phone": "0888123321", "email": "validEmail901@host.hs"},
  { "firstName": "Kassie", "lastName": "Epley", "middleInitial": "C", "gender": "Female", "birthday": "1990-12-09T10:00:00", "phone": "0888123321", "email": "validEmail901@host.hs"},
  { "firstName": "Felicia", "lastName": "Wight", "middleInitial": "V", "gender": "Female", "birthday": "1990-12-09T10:00:00", "phone": "0888123321", "email": "validEmail901@host.hs"},
  { "firstName": "Isela", "lastName": "Bono", "middleInitial": "B", "gender": "Female", "birthday": "1990-12-09T10:00:00", "phone": "0888123321", "email": "validEmail901@host.hs"},
  { "firstName": "Agnes", "lastName": "Soucie", "middleInitial": "N", "gender": "Male", "birthday": "1990-12-09T10:00:00", "phone": "0888123321", "email": "validEmail901@host.hs"},
  { "firstName": "Jaleesa", "lastName": "Riehle", "middleInitial": "M", "gender": "Female", "birthday": "1990-12-09T10:00:00", "phone": "0888123321", "email": "validEmail901@host.hs"},
  { "firstName": "Kathrine", "lastName": "Ditmore", "middleInitial": "Q", "gender": "Female", "birthday": "1990-12-09T10:00:00", "phone": "0888123321", "email": "validEmail901@host.hs"},
  { "firstName": "Farrah", "lastName": "Putney", "middleInitial": "W", "gender": "Male", "birthday": "1990-12-09T10:00:00", "phone": "0888123321", "email": "validEmail901@host.hs"},
  { "firstName": "Santiago", "lastName": "Harbison", "middleInitial": "E", "gender": "Male", "birthday": "1990-12-09T10:00:00", "phone": "0888123321", "email": "validEmail901@host.hs"},
  { "firstName": "Contessa", "lastName": "Mizell", "middleInitial": "R", "gender": "Female", "birthday": "1990-12-09T10:00:00", "phone": "0888123321", "email": "validEmail901@host.hs"},
  { "firstName": "Kori", "lastName": "Partain", "middleInitial": "T", "gender": "Male", "birthday": "1990-12-09T10:00:00", "phone": "0888123321", "email": "validEmail901@host.hs"},
  { "firstName": "Edie", "lastName": "Burtner", "middleInitial": "Y", "gender": "Male", "birthday": "1990-12-09T10:00:00", "phone": "0888123321", "email": "validEmail901@host.hs"},
  { "firstName": "Elvina", "lastName": "Greer", "middleInitial": "U", "gender": "Male", "birthday": "1990-12-09T10:00:00", "phone": "0888123321", "email": "validEmail901@host.hs"},
  { "firstName": "Bryon", "lastName": "Cumbie", "middleInitial": "I", "gender": "Male", "birthday": "1990-12-09T10:00:00", "phone": "0888123321", "email": "validEmail901@host.hs"},
  { "firstName": "Priscila", "lastName": "Rondon", "middleInitial": "A", "gender": "Female", "birthday": "1990-12-09T10:00:00", "phone": "0888123321", "email": "validEmail901@host.hs"},
  { "firstName": "Tennille", "lastName": "Gartner", "middleInitial": "S", "gender": "Female", "birthday": "1990-12-09T10:00:00", "phone": "0888123321", "email": "validEmail901@host.hs"},
  { "firstName": "Jocelyn", "lastName": "Campana", "middleInitial": "D", "gender": "Female", "birthday": "1990-12-09T10:00:00", "phone": "0888123321", "email": "validEmail901@host.hs"},
  { "firstName": "Chassidy", "lastName": "Dant", "middleInitial": "F", "gender": "Female", "birthday": "1990-12-09T10:00:00", "phone": "0888123321", "email": "validEmail901@host.hs"},
  { "firstName": "Delm", "lastName": "Weissinger", "middleInitial": "G", "gender": "Male", "birthday": "1990-12-09T10:00:00", "phone": "0888123321", "email": "validEmail901@host.hs"},
  { "firstName": "Nild", "lastName": "Horsley", "middleInitial": "H", "gender": "Male", "birthday": "1990-12-09T10:00:00", "phone": "0888123321", "email": "validEmail901@host.hs"},
  { "firstName": "Patrick", "lastName": "Nicolosi", "middleInitial": "J", "gender": "Male", "birthday": "1990-12-09T10:00:00", "phone": "0888123321", "email": "validEmail901@host.hs"},
  { "firstName": "Staci", "lastName": "Doherty", "middleInitial": "K", "gender": "Female", "birthday": "1990-12-09T10:00:00", "phone": "0888123321", "email": "validEmail901@host.hs"},
  { "firstName": "Francisco", "lastName": "Summy", "middleInitial": "L", "gender": "Male", "birthday": "1990-12-09T10:00:00", "phone": "0888123321", "email": "validEmail901@host.hs"},
  { "firstName": "Rob", "lastName": "Devine", "middleInitial": "Z", "gender": "Male", "birthday": "1990-12-09T10:00:00", "phone": "0888123321", "email": "validEmail901@host.hs"},
  { "firstName": "Gil", "lastName": "Olivieri", "middleInitial": "X", "gender": "Male", "phone": "0888123321", "email": "validEmail901@host.hs"},
  { "firstName": "Jenni", "lastName": "Primo", "middleInitial": "C", "gender": "Female", "phone": "0888123321", "email": "validEmail901@host.hs"},
  { "firstName": "Tatiana", "lastName": "Peeples", "middleInitial": "V", "gender": "Male", "phone": "0888123321", "email": "validEmail901@host.hs"},
  { "firstName": "Cindi", "lastName": "Duford", "middleInitial": "B", "gender": "Female", "phone": "0888123321", "email": "validEmail901@host.hs"},
  { "firstName": "Becki", "lastName": "Goo", "middleInitial": "N", "gender": "Female", "phone": "0888123321", "email": "validEmail901@host.hs"},
  { "firstName": "Denyse", "lastName": "Rowser", "middleInitial": "M", "gender": "Female", "phone": "0888123321", "email": "validEmail901@host.hs"},
  { "firstName": "Alana", "lastName": "Newberry", "middleInitial": "Q", "gender": "Female", "phone": "0888123321", "email": "validEmail901@host.hs"},
  { "firstName": "Ada", "lastName": "Basham", "middleInitial": "W", "gender": "Male", "phone": "0888123321", "email": "validEmail901@host.hs"},
  { "firstName": "Jarvis", "lastName": "Janusz", "middleInitial": "W", "gender": "Male", "phone": "0888123321", "email": "validEmail901@host.hs"},
  { "firstName": "Jeremiah", "lastName": "Reagle", "middleInitial": "E", "gender": "Male", "phone": "0888123321", "email": "validEmail901@host.hs"},
  { "firstName": "Sarina", "lastName": "Shumake", "middleInitial": "S", "gender": "Female", "phone": "0888123321", "email": "validEmail901@host.hs"},
  { "firstName": "Emilio", "lastName": "Burry", "middleInitial": "C", "gender": "Male", "phone": "0888123321", "email": "validEmail901@host.hs"},
  { "firstName": "Nancy", "lastName": "Rodreguez", "middleInitial": "Q", "gender": "Female", "phone": "0888123321", "email": "validEmail901@host.hs"},
  { "firstName": "Wilhelmina", "lastName": "Meisinger", "middleInitial": "A", "gender": "Female", "phone": "0888123321", "email": "validEmail901@host.hs"},
  { "firstName": "Emmo", "lastName": "Certain", "middleInitial": "Z", "gender": "Male", "phone": "0888123321", "email": "validEmail901@host.hs"},
  { "firstName": "Luanne", "lastName": "Messerly", "middleInitial": "W", "gender": "Female", "phone": "0888123321", "email": "validEmail901@host.hs"},
  { "firstName": "Fredia", "lastName": "Ivers", "middleInitial": "S", "gender": "Female", "phone": "0888123321", "email": "validEmail901@host.hs"},
  { "firstName": "Keith", "lastName": "Beland", "middleInitial": "X", "gender": "Male", "phone": "0888123321", "email": "validEmail901@host.hs"},
  { "firstName": "Katheleen", "lastName": "Manderscheid", "middleInitial": "E", "gender": "Female", "phone": "0888123321", "email": "validEmail901@host.hs"},
  { "firstName": "Bess", "lastName": "Zheng", "middleInitial": "D", "gender": "Male", "phone": "0888123321", "email": "validEmail901@host.hs"},
  { "firstName": "Rachel", "lastName": "Wadlow", "middleInitial": "C", "gender": "Female", "phone": "0888123321", "email": "validEmail901@host.hs"},
  { "firstName": "Brett", "lastName": "Graffam", "middleInitial": "R", "gender": "Male", "phone": "0888123321", "email": "validEmail901@host.hs"},
  { "firstName": "Jeraldine", "lastName": "Phegley", "middleInitial": "F", "gender": "Female", "phone": "0888123321", "email": "validEmail901@host.hs"},
  { "firstName": "Franklyn", "lastName": "Graig", "middleInitial": "C", "gender": "Male", "phone": "0888123321", "email": "validEmail901@host.hs"},
  { "firstName": "Lucius", "lastName": "Prokop", "middleInitial": "R", "gender": "Male", "phone": "0888123321", "email": "validEmail901@host.hs"},
  { "firstName": "Lou", "lastName": "Rook", "middleInitial": "F", "gender": "Male", "phone": "0888123321", "email": "_validEmail901@host.hs"},
  { "firstName": "Laree", "lastName": "Obannon", "middleInitial": "V", "gender": "Male", "phone": "0888123321", "email": "validEmail901@host.hs."},
  { "firstName": "Nikia", "lastName": "Sepulveda", "middleInitial": "T", "gender": "Female", "phone": "0888123321", "email": "validEmail901@host.hs"},
  { "firstName": "Rosio", "lastName": "Fullmer", "middleInitial": "G", "gender": "Male", "phone": "0888123321", "email": "validEmail901@host.hs"},
  { "firstName": "Vannessa", "lastName": "Dau", "middleInitial": "B", "gender": "Female", "phone": "0888123321", "email": "validEmail901@host.hs"}
]