<?xml version="1.0" encoding="UTF-8" standalone="yes"?>
<procedures>
    <procedures>
        <procedure animal-passport="acattee321">
            <owner>0887446123</owner>
            <animal-aids>
                <animal-aid name="Fecal Test" price="7.50"/>
                <animal-aid name="Nasal Bordetella" price="5.60"/>
                <animal-aid name="Internal Deworming" price="8.00"/>
            </animal-aids>
        </procedure>
        <procedure animal-passport="bernied355">
            <owner>0889446123</owner>
            <animal-aids>
                <animal-aid name="Fecal Test" price="7.50"/>
                <animal-aid name="Lyme Test" price="15.00"/>
            </animal-aids>
        </procedure>
        <procedure animal-passport="barkeer355">
            <owner>0899450766</owner>
            <animal-aids>
                <animal-aid name="Injectable Bordetella" price="8.40"/>
                <animal-aid name="Canine Heartworm Test" price="15.00"/>
            </animal-aids>
        </procedure>
        <procedure animal-passport="bergerr355">
            <owner>0887226234</owner>
            <animal-aids>
                <animal-aid name="Fecal Test" price="7.50"/>
                <animal-aid name="Internal Deworming" price="8.00"/>
            </animal-aids>
        </procedure>
        <procedure animal-passport="bergerr355">
            <owner>0887226234</owner>
            <animal-aids>
                <animal-aid name="Fecal Test" price="7.50"/>
                <animal-aid name="Internal Deworming" price="8.00"/>
            </animal-aids>
        </procedure>
        <procedure animal-passport="arrowww355">
            <owner>0889650676</owner>
            <animal-aids>
                <animal-aid name="H3N2" price="28.00"/>
            </animal-aids>
        </procedure>
        <procedure animal-passport="arrowww355">
            <owner>0889650676</owner>
            <animal-aids>
                <animal-aid name="Fecal Test" price="7.50"/>
                <animal-aid name="Lyme Test" price="15.00"/>
            </animal-aids>
        </procedure>
        <procedure animal-passport="jessiii355">
            <owner>0887446123</owner>
            <animal-aids>
                <animal-aid name="Canine Rabbies Vaccine" price="10.00"/>
            </animal-aids>
        </procedure>
        <procedure animal-passport="barkeer355">
            <owner>0899450766</owner>
            <animal-aids>
                <animal-aid name="Lepto 4" price="15.90"/>
                <animal-aid name="Lyme Test" price="15.00"/>
            </animal-aids>
        </procedure>
        <procedure animal-passport="jghjyuu355">
            <owner>+359897765122</owner>
            <animal-aids>
                <animal-aid name="Injectable Bordetella" price="8.40"/>
            </animal-aids>
        </procedure>
        <procedure animal-passport="cleodog355">
            <owner>+359897765122</owner>
            <animal-aids>
                <animal-aid name="PureVax Rabies" price="7.80"/>
                <animal-aid name="Nasal Bordetella" price="5.60"/>
            </animal-aids>
        </procedure>
        <procedure animal-passport="cleodog355">
            <owner>+359897765122</owner>
            <animal-aids>
                <animal-aid name="H3N8" price="35.00"/>
                <animal-aid name="Bordetella" price="7.55"/>
            </animal-aids>
        </procedure>
        <procedure animal-passport="cleodog355">
            <owner>+359897765122</owner>
            <animal-aids>
                <animal-aid name="Fecal Test" price="7.50"/>
                <animal-aid name="Internal Deworming" price="8.00"/>
            </animal-aids>
        </procedure>
        <procedure animal-passport="etyhGgH678">
            <owner>0897556446</owner>
            <animal-aids>
                <animal-aid name="H3N2" price="28.00"/>
            </animal-aids>
        </procedure>
        <procedure animal-passport="bernied355">
            <owner>0889446123</owner>
            <animal-aids>
                <animal-aid name="Lepto 4" price="15.90"/>
                <animal-aid name="Nasal Bordetella" price="5.60"/>
            </animal-aids>
        </procedure>
        <procedure animal-passport="ragjkll456">
            <owner>0897556446</owner>
            <animal-aids>
                <animal-aid name="Canine Rabbies Vaccine" price="10.00"/>
            </animal-aids>
        </procedure>
        <procedure animal-passport="cleodog355">
            <owner>+359897765122</owner>
            <animal-aids>
                <animal-aid name="H3N8" price="35.00"/>
            </animal-aids>
        </procedure>
        <procedure animal-passport="cleodog355">
            <owner>+359897765122</owner>
            <animal-aids>
                <animal-aid name="H3N8" price="35.00"/>
            </animal-aids>
        </procedure>
        <procedure animal-passport="acattee321">
            <owner>0887446123</owner>
            <animal-aids>
                <animal-aid name="Lyme Test" price="15.00"/>
            </animal-aids>
        </procedure>
        <procedure animal-passport="jessiii355">
            <owner>0887446123</owner>
            <animal-aids>
                <animal-aid name="Fecal Test" price="7.50"/>
                <animal-aid name="Lepto 4" price="15.90"/>
                <animal-aid name="Bordetella" price="7.55"/>
                <animal-aid name="Lyme Test" price="15.00"/>
            </animal-aids>
        </procedure>
        <procedure animal-passport="acattee321">
            <owner>0887446123</owner>
            <animal-aids>
                <animal-aid name="Lyme Test" price="15.00"/>
            </animal-aids>
        </procedure>
        <procedure animal-passport="kljsdfk355">
            <owner>0889647676</owner>
            <animal-aids>
                <animal-aid name="Lepto 4" price="15.90"/>
                <animal-aid name="Canine Heartworm Test" price="15.00"/>
            </animal-aids>
        </procedure>
        <procedure animal-passport="kljsdfk325">
            <owner>0899446676</owner>
            <animal-aids>
                <animal-aid name="H3N2" price="28.00"/>
                <animal-aid name="Lyme Test" price="15.00"/>
            </animal-aids>
        </procedure>
        <procedure animal-passport="ragjkll456">
            <owner>0897556446</owner>
            <animal-aids>
                <animal-aid name="Lepto 4" price="15.90"/>
                <animal-aid name="Nasal Bordetella" price="5.60"/>
            </animal-aids>
        </procedure>
        <procedure animal-passport="jghjyuu355">
            <owner>+359897765122</owner>
            <animal-aids>
                <animal-aid name="Fecal Test" price="7.50"/>
            </animal-aids>
        </procedure>
        <procedure animal-passport="jghjyuu355">
            <owner>+359897765122</owner>
            <animal-aids>
                <animal-aid name="Lepto 4" price="15.90"/>
                <animal-aid name="Nasal Bordetella" price="5.60"/>
                <animal-aid name="H3N2" price="28.00"/>
            </animal-aids>
        </procedure>
        <procedure animal-passport="cleodog355">
            <owner>+359897765122</owner>
            <animal-aids>
                <animal-aid name="Fecal Test" price="7.50"/>
                <animal-aid name="Canine Rabbies Vaccine" price="10.00"/>
            </animal-aids>
        </procedure>
        <procedure animal-passport="cleodog355">
            <owner>+359897765122</owner>
            <animal-aids>
                <animal-aid name="Fecal Test" price="7.50"/>
                <animal-aid name="Canine Rabbies Vaccine" price="10.00"/>
            </animal-aids>
        </procedure>
    </procedures>
</procedures>
