[
  {
    "name": "Stephan Freak",
    "age": 29,
    "bounty": 43646.55,
    "hometown": "Jiangxi"
  },
  {
    "name": "Alexis Paylor",
    "age": null,
    "bounty": 87404.99,
    "hometown": "Troyes"
  },
  {
    "name": "Nathaniel Seydlitz",
    "age": 35,
    "bounty": 90642.35,
    "hometown": "Sam Ngam"
  },
  {
    "name": "Fanny Peltz",
    "age": null,
    "bounty": null,
    "hometown": "Chon Daen"
  },
  {
    "name": "Ainsley MacKeig",
    "age": null,
    "bounty": null,
    "homeTown": "Banyulegi"
  },
  {
    "name": "Conny Petkov",
    "age": null,
    "bounty": 57920.36,
    "homeTown": "Quanjiang"
  },
  {
    "name": "Garv Campagne",
    "age": 20,
    "bounty": null,
    "homeTown": "München"
  },
  {
    "name": "Temp Gergolet",
    "age": null,
    "bounty": null,
    "homeTown": "Phan Thong"
  },
  {
    "name": "Catharine Kinavan",
    "age": 17,
    "bounty": 31716.71,
    "homeTown": "Xiongbei"
  },
  {
    "name": "Haskel Halford",
    "age": 26,
    "bounty": null,
    "homeTown": "Chon Daen"
  },
  {
    "name": "Sawyere Surfleet",
    "age": null,
    "bounty": null,
    "homeTown": "Maochen"
  },
  {
    "name": "Fae Cox",
    "age": 28,
    "bounty": 94128.95,
    "homeTown": "Maastricht"
  },
  {
    "name": "Syman Pridden",
    "age": 38,
    "bounty": 39109.31,
    "homeTown": "Maastricht"
  },
  {
    "name": "Margaretha Tustin",
    "age": null,
    "bounty": 95870.17,
    "homeTown": "Chon Daen"
  },
  {
    "name": "Zulema Geerling",
    "age": 44,
    "bounty": 13556.3,
    "homeTown": "Nytva"
  },
  {
    "name": "Kettie Starkings",
    "age": 21,
    "bounty": 91481.38,
    "homeTown": "Kamenka"
  },
  {
    "name": "Kiri Digle",
    "age": 34,
    "bounty": 5868.18,
    "homeTown": "Byuravan"
  },
  {
    "name": "Gard Wolseley",
    "age": 43,
    "bounty": 4058.96,
    "homeTown": "Xiongbei"
  },
  {
    "name": "Mortimer Habershaw",
    "age": 23,
    "bounty": 87316.98,
    "homeTown": "Eastern Suburbs Mc"
  },
  {
    "name": "Max Philpott",
    "age": 27,
    "bounty": null,
    "homeTown": "Töreboda"
  },
  {
    "name": "Candice Bigmore",
    "age": null,
    "bounty": 88063.37,
    "homeTown": "Byuravan"
  },
  {
    "name": "Elvyn Martins",
    "age": 32,
    "bounty": null,
    "homeTown": "Maochen"
  },
  {
    "name": "Janeczka Bauser",
    "age": null,
    "bounty": null,
    "homeTown": "Mantar"
  },
  {
    "name": "Will Maken",
    "age": null,
    "bounty": 64177.22,
    "homeTown": "Troyes"
  },
  {
    "name": "Marco Misson",
    "age": 30,
    "bounty": 79398.67,
    "homeTown": "Lutomiersk"
  },
  {
    "name": "Joelie Collomosse",
    "age": 26,
    "bounty": 56063.55,
    "homeTown": "Valuyki"
  },
  {
    "name": "Hermia Cours",
    "age": 39,
    "bounty": null,
    "homeTown": "Tujing"
  },
  {
    "name": "Seamus Longega",
    "age": 26,
    "bounty": 96251.76,
    "homeTown": "Lutomiersk"
  },
  {
    "name": "Lucy Lowndes",
    "age": 45,
    "bounty": null,
    "homeTown": "Maochen"
  },
  {
    "name": "Hedwig Gare",
    "age": null,
    "bounty": null,
    "homeTown": "Sbo’o"
  },
  {
    "name": "Maia Jope",
    "age": 43,
    "bounty": 70721.36,
    "homeTown": "Al Qardāḩah"
  },
  {
    "name": "Leonore Frigot",
    "age": 18,
    "bounty": null,
    "homeTown": "Töreboda"
  },
  {
    "name": "Reiko Spinnace",
    "age": 40,
    "bounty": null,
    "homeTown": "Jiangxi"
  },
  {
    "name": "Katharine McKain",
    "age": null,
    "bounty": 90279.06,
    "homeTown": "Jiangxi"
  },
  {
    "name": "Damien Wevell",
    "age": 34,
    "bounty": null,
    "homeTown": "Horta"
  },
  {
    "name": "Ange Varren",
    "age": 35,
    "bounty": 71634.08,
    "homeTown": "Phan Thong"
  },
  {
    "name": "Kally Ayre",
    "age": 36,
    "bounty": 98694.38,
    "homeTown": "Lutomiersk"
  },
  {
    "name": "Irvin Solano",
    "age": 23,
    "bounty": 94711.91,
    "homeTown": "Fengshan"
  },
  {
    "name": "Wylie Gareisr",
    "age": 35,
    "bounty": 58106.22,
    "homeTown": "Tujing"
  },
  {
    "name": "Nadine Grabbam",
    "age": 43,
    "bounty": 92872.87,
    "homeTown": "Raşad"
  },
  {
    "name": "Hirsch Kimble",
    "age": null,
    "bounty": null,
    "homeTown": "San Antonio"
  },
  {
    "name": "Bobby Vanini",
    "age": 33,
    "bounty": 19573.82,
    "homeTown": "Bradashesh"
  },
  {
    "name": "Adolphe Galletly",
    "age": 39,
    "bounty": 95847.45,
    "homeTown": "Sam Ngam"
  },
  {
    "name": "Glendon Kaesmans",
    "age": 25,
    "bounty": 3875.1,
    "homeTown": "Quanjiang"
  },
  {
    "name": "Noah Soldner",
    "age": null,
    "bounty": 11898.12,
    "homeTown": "San Antonio"
  },
  {
    "name": "Redford M'Chirrie",
    "age": 36,
    "bounty": null,
    "homeTown": "Phan Thong"
  },
  {
    "name": "Sibley Musker",
    "age": 43,
    "bounty": 4093.8,
    "homeTown": "Jiangxi"
  },
  {
    "name": "Teddi Edney",
    "age": null,
    "bounty": 61249.9,
    "homeTown": "Zubrzyca Dolna"
  },
  {
    "name": "Marni Deal",
    "age": 34,
    "bounty": 68981.36,
    "homeTown": "Grande Cache"
  },
  {
    "name": "Elfrieda Gebhard",
    "age": 40,
    "bounty": 62882.96,
    "homeTown": "Banyulegi"
  },
  {
    "name": "Annabela Joblin",
    "age": 24,
    "bounty": null,
    "homeTown": "Laiponda"
  },
  {
    "name": "Lucius Scholes",
    "age": 45,
    "bounty": 13784.42,
    "homeTown": "Zubrzyca Dolna"
  },
  {
    "name": "Pearle Skuse",
    "age": 23,
    "bounty": 78320,
    "homeTown": "Laiponda"
  },
  {
    "name": "Gates Gunthorpe",
    "age": null,
    "bounty": 34764.92,
    "homeTown": "Xiongbei"
  },
  {
    "name": "Domini Mantle",
    "age": null,
    "bounty": 61775.18,
    "homeTown": "Santa Eulália"
  },
  {
    "name": "Alasteir Dengel",
    "age": 37,
    "bounty": 38552.39,
    "homeTown": "Lundo"
  },
  {
    "name": "Aridatha Gronav",
    "age": 33,
    "bounty": null,
    "homeTown": "Al Qardāḩah"
  },
  {
    "name": "Noellyn Dible",
    "age": null,
    "bounty": null,
    "homeTown": "Byuravan"
  },
  {
    "name": "Rabi MacCauley",
    "age": null,
    "bounty": 85594.02,
    "homeTown": "Maochen"
  },
  {
    "name": "Arturo Gatley",
    "age": 18,
    "bounty": 61488,
    "homeTown": "Eastern Suburbs Mc"
  },
  {
    "name": "Bree Ilott",
    "age": 30,
    "bounty": 88166.9,
    "homeTown": "Phan Thong"
  },
  {
    "name": "Friedrick Forrester",
    "age": null,
    "bounty": 41127.74,
    "homeTown": "Nytva"
  },
  {
    "name": "Juan Andreu",
    "age": 23,
    "bounty": null,
    "homeTown": "Sam Ngam"
  },
  {
    "name": "Agna Makeswell",
    "age": 34,
    "bounty": null,
    "homeTown": "Maochen"
  },
  {
    "name": "Xena Lanfear",
    "age": 30,
    "bounty": null,
    "homeTown": "Al Qardāḩah"
  },
  {
    "name": "Otha Rozenbaum",
    "age": null,
    "bounty": 5189.39,
    "homeTown": "Lundo"
  },
  {
    "name": "Sonya Claffey",
    "age": null,
    "bounty": 26306.17,
    "homeTown": "Quanjiang"
  },
  {
    "name": "Isabel Twells",
    "age": 26,
    "bounty": 90932.35,
    "homeTown": "Ponyri Vtoryye"
  },
  {
    "name": "Angeli Sketch",
    "age": null,
    "bounty": null,
    "homeTown": "Al Qanāţir al Khayrīyah"
  },
  {
    "name": "Merrily Duncanson",
    "age": 35,
    "bounty": 32022.2,
    "homeTown": "Laiponda"
  },
  {
    "name": "Lyndsay Radin",
    "age": 30,
    "bounty": null,
    "homeTown": "Grande Cache"
  },
  {
    "name": "Batsheva Warry",
    "age": null,
    "bounty": 54792.22,
    "homeTown": "Ebebiyin"
  },
  {
    "name": "Basia Dixson",
    "age": 27,
    "bounty": 78191.99,
    "homeTown": "Ordynskoye"
  },
  {
    "name": "Reuven Baylis",
    "age": 36,
    "bounty": 24181.39,
    "homeTown": "Malpique"
  },
  {
    "name": "Chrissie Guidera",
    "age": 39,
    "bounty": 20965.05,
    "homeTown": "Maiac"
  },
  {
    "name": "Willyt Sills",
    "age": null,
    "bounty": null,
    "homeTown": "Al Qanāţir al Khayrīyah"
  },
  {
    "name": "Dominic Lawland",
    "age": null,
    "bounty": null,
    "homeTown": "Phan Thong"
  },
  {
    "name": "Carce Sharpling",
    "age": null,
    "bounty": null,
    "homeTown": "Santa Eulália"
  },
  {
    "name": "Benjy Elce",
    "age": 20,
    "bounty": 60561.44,
    "homeTown": "Torre do Pinhão"
  },
  {
    "name": "Murial Jedrzejewicz",
    "age": 37,
    "bounty": 30708.91,
    "homeTown": "Ordynskoye"
  },
  {
    "name": "Vivi Buckeridge",
    "age": 29,
    "bounty": 79852.65,
    "homeTown": "Phan Thong"
  },
  {
    "name": "Noak Clara",
    "age": 38,
    "bounty": 27875,
    "homeTown": "Maiac"
  },
  {
    "name": "Dyanne Pray",
    "age": 16,
    "bounty": 20879.7,
    "homeTown": "Padova"
  },
  {
    "name": "Patsy Tissington",
    "age": null,
    "bounty": null,
    "homeTown": "Torre do Pinhão"
  },
  {
    "name": "Blanch Alday",
    "age": null,
    "bounty": null,
    "homeTown": "Sam Ngam"
  },
  {
    "name": "Lissy Kohrt",
    "age": 22,
    "bounty": null,
    "homeTown": "Al Qanāţir al Khayrīyah"
  },
  {
    "name": "Kippy Sayburn",
    "age": null,
    "bounty": null,
    "homeTown": "Maochen"
  },
  {
    "name": "Dani Stoneley",
    "age": 40,
    "bounty": 99020.82,
    "homeTown": "Nytva"
  },
  {
    "name": "Mella Stripling",
    "age": 21,
    "bounty": 83074.61,
    "homeTown": "La Paz Centro"
  },
  {
    "name": "Conny Shutte",
    "age": null,
    "bounty": 21961.48,
    "homeTown": "Santa Eulália"
  },
  {
    "name": "Kelli Dickon",
    "age": 22,
    "bounty": null,
    "homeTown": "Mt Peto"
  },
  {
    "name": "Dalt McKmurrie",
    "age": null,
    "bounty": 93341.52,
    "homeTown": "Sbo’o"
  },
  {
    "name": "Jeanie Phelip",
    "age": null,
    "bounty": 75032.39,
    "homeTown": "Ebebiyin"
  },
  {
    "name": "Damara Kenway",
    "age": null,
    "bounty": 69439.42,
    "homeTown": "Kamenka"
  },
  {
    "name": "Brigit Speller",
    "age": 44,
    "bounty": null,
    "homeTown": "Maastricht"
  },
  {
    "name": "Lorry Caron",
    "age": 45,
    "bounty": 14212.82,
    "homeTown": "Torre do Pinhão"
  },
  {
    "name": "Philippe Fellos",
    "age": 39,
    "bounty": 78621.15,
    "homeTown": "München"
  },
  {
    "name": "Meade Pottiphar",
    "age": null,
    "bounty": 58388.8,
    "homeTown": "Manassas"
  },
  {
    "name": "Elisa Gurwood",
    "age": 17,
    "bounty": 58017.43,
    "homeTown": "Tujing"
  },
  {
    "name": "Felipe McMoyer",
    "age": 29,
    "bounty": null,
    "homeTown": "Padova"
  }
]