<?xml version="1.0" encoding="UTF-8"?>
<procedures>
    <procedure>
        <vet>Niels Bohr</vet>
        <animal>acattee321</animal>
            <animal-aids>
            <animal-aid>
                <name>Nasal Bordetella</name>
            </animal-aid>
            <animal-aid>
                <name>Internal Deworming</name>
            </animal-aid>
            <animal-aid>
                <name>Fecal Test</name>
            </animal-aid>
        </animal-aids>
        <date>12/10/2014</date>
    </procedure>
    <procedure>
        <vet>Jennifer Evans</vet>
        <animal>bernied355</animal>
        <animal-aids>
            <animal-aid>
                <name>Lyme Test</name>
            </animal-aid>
            <animal-aid>
                <name>Fecal Test</name>
            </animal-aid>
        </animal-aids>
        <date>13/06/2014</date>
    </procedure>
    <procedure>
        <vet>Michael Jordan</vet>
        <animal>barkeer355</animal>
        <animal-aids>
            <animal-aid>
                <name>Injectable Bordetella</name>
            </animal-aid>
            <animal-aid>
                <name>Canine Heartworm Test</name>
            </animal-aid>
        </animal-aids>
        <date>19/02/2012</date>
    </procedure>
    <procedure>
        <vet>Edmond Halley</vet>
        <animal>bergerr355</animal>
        <animal-aids>
            <animal-aid>
                <name>Internal Deworming</name>
            </animal-aid>
            <animal-aid>
                <name>Fecal Test</name>
            </animal-aid>
        </animal-aids>
        <date>21/10/2015</date>
    </procedure>
    <procedure>
        <vet>Edmond Halley</vet>
        <animal>bergerr355</animal>
        <animal-aids>
            <animal-aid>
                <name>Internal Deworming</name>
            </animal-aid>
            <animal-aid>
                <name>Fecal Test</name>
            </animal-aid>
        </animal-aids>
        <date>08/09/2013</date>
    </procedure>
    <procedure>
        <vet>Werner Heisenberg</vet>
        <animal>arrowww355</animal>
        <animal-aids>
            <animal-aid>
                <name>H3N2</name>
            </animal-aid>
        </animal-aids>
        <date>17/03/2015</date>
    </procedure>
    <procedure>
        <vet>Werner Heisenberg</vet>
        <animal>arrowww355</animal>
        <animal-aids>
            <animal-aid>
                <name>Fecal Test</name>
            </animal-aid>
            <animal-aid>
                <name>Lyme Test</name>
            </animal-aid>
        </animal-aids>
        <date>24/09/2013</date>
    </procedure>
    <procedure>
        <vet>Jennifer Evans</vet>
        <animal>jessiii355</animal>
        <animal-aids>
            <animal-aid>
                <name>Canine Rabbies Vaccine</name>
            </animal-aid>
        </animal-aids>
        <date>25/10/2014</date>
    </procedure>
    <procedure>
        <vet>Edmond Halley</vet>
        <animal>barkeer355</animal>
        <animal-aids>
            <animal-aid>
                <name>Lepto 4</name>
            </animal-aid>
            <animal-aid>
                <name>Lyme Test</name>
            </animal-aid>
        </animal-aids>
        <date>12/04/2012</date>
    </procedure>
    <procedure>
        <vet>Edmond Halley</vet>
        <animal>jghjyuu355</animal>
        <animal-aids>
            <animal-aid>
                <name>Injectable Bordetella</name>
            </animal-aid>
        </animal-aids>
        <date>15/07/2013</date>
    </procedure>
    <procedure>
        <vet>Edmond Halley</vet>
        <animal>cleodog355</animal>
        <animal-aids>
            <animal-aid>
                <name>Nasal Bordetella</name>
            </animal-aid>
            <animal-aid>
                <name>PureVax Rabies</name>
            </animal-aid>
        </animal-aids>
        <date>24/10/2015</date>
    </procedure>
    <procedure>
        <vet>Niels Bohr</vet>
        <animal>cleodog355</animal>
        <animal-aids>
            <animal-aid>
                <name>Bordetella</name>
            </animal-aid>
            <animal-aid>
                <name>H3N8</name>
            </animal-aid>
        </animal-aids>
        <date>17/07/2015</date>
    </procedure>
    <procedure>
        <vet>Niels Bohr</vet>
        <animal>cleodog355</animal>
        <animal-aids>
            <animal-aid>
                <name>Internal Deworming</name>
            </animal-aid>
            <animal-aid>
                <name>Fecal Test</name>
            </animal-aid>
        </animal-aids>
        <date>12/05/2014</date>
    </procedure>
    <procedure>
        <vet>Werner Heisenberg</vet>
        <animal>etyhGgH678</animal>
        <animal-aids>
            <animal-aid>
                <name>H3N2</name>
            </animal-aid>
        </animal-aids>
        <date>22/03/2013</date>
    </procedure>
    <procedure>
        <vet>Werner Heisenberg</vet>
        <animal>bernied355</animal>
        <animal-aids>
            <animal-aid>
                <name>Nasal Bordetella</name>
            </animal-aid>
            <animal-aid>
                <name>Lepto 4</name>
            </animal-aid>
        </animal-aids>
        <date>27/08/2015</date>
    </procedure>
    <procedure>
        <vet>Werner Heisenberg</vet>
        <animal>ragjkll456</animal>
        <animal-aids>
            <animal-aid>
                <name>Canine Rabbies Vaccine</name>
            </animal-aid>
        </animal-aids>
        <date>01/05/2015</date>
    </procedure>
    <procedure>
        <vet>Werner Heisenberg</vet>
        <animal>cleodog355</animal>
        <animal-aids>
            <animal-aid>
                <name>H3N8</name>
            </animal-aid>
        </animal-aids>
        <date>05/12/2013</date>
    </procedure>
    <procedure>
        <vet>Werner Heisenberg</vet>
        <animal>cleodog355</animal>
        <animal-aids>
            <animal-aid>
                <name>H3N8</name>
            </animal-aid>
        </animal-aids>
        <date>22/03/2017</date>
    </procedure>
    <procedure>
        <vet>Edmond Halley</vet>
        <animal>acattee321</animal>
        <animal-aids>
            <animal-aid>
                <name>Lyme Test</name>
            </animal-aid>
        </animal-aids>
        <date>07/09/2015</date>
    </procedure>
    <procedure>
        <vet>Edmond Halley</vet>
        <animal>jessiii355</animal>
        <animal-aids>
            <animal-aid>
                <name>Lyme Test</name>
            </animal-aid>
            <animal-aid>
                <name>Lyme Test</name>
            </animal-aid>
            <animal-aid>
                <name>Bordetella</name>
            </animal-aid>
            <animal-aid>
                <name>Lepto 4</name>
            </animal-aid>
            <animal-aid>
                <name>Fecal Test</name>
            </animal-aid>
        </animal-aids>
        <date>03/10/2013</date>
    </procedure>
    <procedure>
        <vet>Edmond Halley</vet>
        <animal>acattee321</animal>
        <animal-aids>
            <animal-aid>
                <name>Lyme Test</name>
            </animal-aid>
        </animal-aids>
        <date>21/05/2014</date>
    </procedure>
    <procedure>
        <vet>Werner Heisenberg</vet>
        <animal>kljsdfk355</animal>
        <animal-aids>
            <animal-aid>
                <name>Canine Heartworm Test</name>
            </animal-aid>
            <animal-aid>
                <name>Lepto 4</name>
            </animal-aid>
        </animal-aids>
        <date>22/11/2014</date>
    </procedure>
    <procedure>
        <vet>Niels Bohr</vet>
        <animal>kljsdfk325</animal>
        <animal-aids>
            <animal-aid>
                <name>H3N2</name>
            </animal-aid>
            <animal-aid>
                <name>Lyme Test</name>
            </animal-aid>
        </animal-aids>
        <date>07/03/2014</date>
    </procedure>
    <procedure>
        <vet>Jennifer Evans</vet>
        <animal>ragjkll456</animal>
        <animal-aids>
            <animal-aid>
                <name>Nasal Bordetella</name>
            </animal-aid>
            <animal-aid>
                <name>Lepto 4</name>
            </animal-aid>
        </animal-aids>
        <date>06/09/2016</date>
    </procedure>
    <procedure>
        <vet>Jennifer Evans</vet>
        <animal>jghjyuu355</animal>
        <animal-aids>
            <animal-aid>
                <name>Fecal Test</name>
            </animal-aid>
        </animal-aids>
        <date>26/05/2013</date>
    </procedure>
    <procedure>
        <vet>Jennifer Evans</vet>
        <animal>jghjyuu355</animal>
        <animal-aids>
            <animal-aid>
                <name>Nasal Bordetella</name>
            </animal-aid>
            <animal-aid>
                <name>Lepto 4</name>
            </animal-aid>
            <animal-aid>
                <name>H3N2</name>
            </animal-aid>
        </animal-aids>
        <date>27/08/2015</date>
    </procedure>
    <procedure>
        <vet>Niels Bohr</vet>
        <animal>cleodog355</animal>
        <animal-aids>
            <animal-aid>
                <name>Canine Rabbies Vaccine</name>
            </animal-aid>
            <animal-aid>
                <name>Fecal Test</name>
            </animal-aid>
        </animal-aids>
        <date>16/10/2013</date>
    </procedure>
    <procedure>
        <vet>Niels Bohr</vet>
        <animal>cleodog355</animal>
        <animal-aids>
            <animal-aid>
                <name>Canine Rabbies Vaccine</name>
            </animal-aid>
            <animal-aid>
                <name>Fecal Test</name>
            </animal-aid>
        </animal-aids>
        <date>31/12/2015</date>
    </procedure>
    <procedure>
        <vet>Victor Bohr</vet>
        <animal>cleodog355</animal>
        <animal-aids>
            <animal-aid>
                <name>Canine Rabbies Vaccine</name>
            </animal-aid>
            <animal-aid>
                <name>Fecal Test</name>
            </animal-aid>
        </animal-aids>
        <date>05/04/2015</date>
    </procedure>
    <procedure>
        <vet>Niels Bohr</vet>
        <animal>cleodog355</animal>
        <animal-aids>
            <animal-aid>
                <name>Canine Vaccine</name>
            </animal-aid>
        </animal-aids>
        <date>24/11/2015</date>
    </procedure>
    <procedure>
        <vet>Werner Heinberg</vet>
        <animal>cleodog355</animal>
        <animal-aids>
            <animal-aid>
                <name>Bordetella</name>
            </animal-aid>
            <animal-aid>
                <name>Lyme Test</name>
            </animal-aid>
        </animal-aids>
        <date>28/05/2013</date>
    </procedure>
</procedures>